date,hits,keyword,geo,time,gprop,category
2004-07-01T00:00:00Z,9,python,DE,2004-07-01 2022-07-01,web,0
2004-08-01T00:00:00Z,7,python,DE,2004-07-01 2022-07-01,web,0
2004-09-01T00:00:00Z,7,python,DE,2004-07-01 2022-07-01,web,0
2004-10-01T00:00:00Z,8,python,DE,2004-07-01 2022-07-01,web,0
2004-11-01T00:00:00Z,7,python,DE,2004-07-01 2022-07-01,web,0
2004-12-01T00:00:00Z,7,python,DE,2004-07-01 2022-07-01,web,0
2005-01-01T00:00:00Z,7,python,DE,2004-07-01 2022-07-01,web,0
2005-02-01T00:00:00Z,8,python,DE,2004-07-01 2022-07-01,web,0
2005-03-01T00:00:00Z,8,python,DE,2004-07-01 2022-07-01,web,0
2005-04-01T00:00:00Z,7,python,DE,2004-07-01 2022-07-01,web,0
2005-05-01T00:00:00Z,8,python,DE,2004-07-01 2022-07-01,web,0
2005-06-01T00:00:00Z,8,python,DE,2004-07-01 2022-07-01,web,0
2005-07-01T00:00:00Z,7,python,DE,2004-07-01 2022-07-01,web,0
2005-08-01T00:00:00Z,6,python,DE,2004-07-01 2022-07-01,web,0
2005-09-01T00:00:00Z,7,python,DE,2004-07-01 2022-07-01,web,0
2005-10-01T00:00:00Z,8,python,DE,2004-07-01 2022-07-01,web,0
2005-11-01T00:00:00Z,7,python,DE,2004-07-01 2022-07-01,web,0
2005-12-01T00:00:00Z,7,python,DE,2004-07-01 2022-07-01,web,0
2006-01-01T00:00:00Z,7,python,DE,2004-07-01 2022-07-01,web,0
2006-02-01T00:00:00Z,7,python,DE,2004-07-01 2022-07-01,web,0
2006-03-01T00:00:00Z,7,python,DE,2004-07-01 2022-07-01,web,0
2006-04-01T00:00:00Z,7,python,DE,2004-07-01 2022-07-01,web,0
2006-05-01T00:00:00Z,7,python,DE,2004-07-01 2022-07-01,web,0
2006-06-01T00:00:00Z,7,python,DE,2004-07-01 2022-07-01,web,0
2006-07-01T00:00:00Z,7,python,DE,2004-07-01 2022-07-01,web,0
2006-08-01T00:00:00Z,7,python,DE,2004-07-01 2022-07-01,web,0
2006-09-01T00:00:00Z,7,python,DE,2004-07-01 2022-07-01,web,0
2006-10-01T00:00:00Z,7,python,DE,2004-07-01 2022-07-01,web,0
2006-11-01T00:00:00Z,7,python,DE,2004-07-01 2022-07-01,web,0
2006-12-01T00:00:00Z,6,python,DE,2004-07-01 2022-07-01,web,0
2007-01-01T00:00:00Z,6,python,DE,2004-07-01 2022-07-01,web,0
2007-02-01T00:00:00Z,7,python,DE,2004-07-01 2022-07-01,web,0
2007-03-01T00:00:00Z,7,python,DE,2004-07-01 2022-07-01,web,0
2007-04-01T00:00:00Z,7,python,DE,2004-07-01 2022-07-01,web,0
2007-05-01T00:00:00Z,7,python,DE,2004-07-01 2022-07-01,web,0
2007-06-01T00:00:00Z,6,python,DE,2004-07-01 2022-07-01,web,0
2007-07-01T00:00:00Z,6,python,DE,2004-07-01 2022-07-01,web,0
2007-08-01T00:00:00Z,7,python,DE,2004-07-01 2022-07-01,web,0
2007-09-01T00:00:00Z,6,python,DE,2004-07-01 2022-07-01,web,0
2007-10-01T00:00:00Z,6,python,DE,2004-07-01 2022-07-01,web,0
2007-11-01T00:00:00Z,7,python,DE,2004-07-01 2022-07-01,web,0
2007-12-01T00:00:00Z,6,python,DE,2004-07-01 2022-07-01,web,0
2008-01-01T00:00:00Z,6,python,DE,2004-07-01 2022-07-01,web,0
2008-02-01T00:00:00Z,6,python,DE,2004-07-01 2022-07-01,web,0
2008-03-01T00:00:00Z,6,python,DE,2004-07-01 2022-07-01,web,0
2008-04-01T00:00:00Z,7,python,DE,2004-07-01 2022-07-01,web,0
2008-05-01T00:00:00Z,7,python,DE,2004-07-01 2022-07-01,web,0
2008-06-01T00:00:00Z,6,python,DE,2004-07-01 2022-07-01,web,0
2008-07-01T00:00:00Z,6,python,DE,2004-07-01 2022-07-01,web,0
2008-08-01T00:00:00Z,6,python,DE,2004-07-01 2022-07-01,web,0
2008-09-01T00:00:00Z,6,python,DE,2004-07-01 2022-07-01,web,0
2008-10-01T00:00:00Z,6,python,DE,2004-07-01 2022-07-01,web,0
2008-11-01T00:00:00Z,7,python,DE,2004-07-01 2022-07-01,web,0
2008-12-01T00:00:00Z,6,python,DE,2004-07-01 2022-07-01,web,0
2009-01-01T00:00:00Z,6,python,DE,2004-07-01 2022-07-01,web,0
2009-02-01T00:00:00Z,7,python,DE,2004-07-01 2022-07-01,web,0
2009-03-01T00:00:00Z,7,python,DE,2004-07-01 2022-07-01,web,0
2009-04-01T00:00:00Z,7,python,DE,2004-07-01 2022-07-01,web,0
2009-05-01T00:00:00Z,7,python,DE,2004-07-01 2022-07-01,web,0
2009-06-01T00:00:00Z,6,python,DE,2004-07-01 2022-07-01,web,0
2009-07-01T00:00:00Z,7,python,DE,2004-07-01 2022-07-01,web,0
2009-08-01T00:00:00Z,7,python,DE,2004-07-01 2022-07-01,web,0
2009-09-01T00:00:00Z,7,python,DE,2004-07-01 2022-07-01,web,0
2009-10-01T00:00:00Z,7,python,DE,2004-07-01 2022-07-01,web,0
2009-11-01T00:00:00Z,7,python,DE,2004-07-01 2022-07-01,web,0
2009-12-01T00:00:00Z,6,python,DE,2004-07-01 2022-07-01,web,0
2010-01-01T00:00:00Z,6,python,DE,2004-07-01 2022-07-01,web,0
2010-02-01T00:00:00Z,7,python,DE,2004-07-01 2022-07-01,web,0
2010-03-01T00:00:00Z,7,python,DE,2004-07-01 2022-07-01,web,0
2010-04-01T00:00:00Z,7,python,DE,2004-07-01 2022-07-01,web,0
2010-05-01T00:00:00Z,7,python,DE,2004-07-01 2022-07-01,web,0
2010-06-01T00:00:00Z,7,python,DE,2004-07-01 2022-07-01,web,0
2010-07-01T00:00:00Z,6,python,DE,2004-07-01 2022-07-01,web,0
2010-08-01T00:00:00Z,7,python,DE,2004-07-01 2022-07-01,web,0
2010-09-01T00:00:00Z,7,python,DE,2004-07-01 2022-07-01,web,0
2010-10-01T00:00:00Z,7,python,DE,2004-07-01 2022-07-01,web,0
2010-11-01T00:00:00Z,8,python,DE,2004-07-01 2022-07-01,web,0
2010-12-01T00:00:00Z,6,python,DE,2004-07-01 2022-07-01,web,0
2011-01-01T00:00:00Z,7,python,DE,2004-07-01 2022-07-01,web,0
2011-02-01T00:00:00Z,7,python,DE,2004-07-01 2022-07-01,web,0
2011-03-01T00:00:00Z,7,python,DE,2004-07-01 2022-07-01,web,0
2011-04-01T00:00:00Z,7,python,DE,2004-07-01 2022-07-01,web,0
2011-05-01T00:00:00Z,9,python,DE,2004-07-01 2022-07-01,web,0
2011-06-01T00:00:00Z,7,python,DE,2004-07-01 2022-07-01,web,0
2011-07-01T00:00:00Z,8,python,DE,2004-07-01 2022-07-01,web,0
2011-08-01T00:00:00Z,7,python,DE,2004-07-01 2022-07-01,web,0
2011-09-01T00:00:00Z,7,python,DE,2004-07-01 2022-07-01,web,0
2011-10-01T00:00:00Z,8,python,DE,2004-07-01 2022-07-01,web,0
2011-11-01T00:00:00Z,8,python,DE,2004-07-01 2022-07-01,web,0
2011-12-01T00:00:00Z,8,python,DE,2004-07-01 2022-07-01,web,0
2012-01-01T00:00:00Z,7,python,DE,2004-07-01 2022-07-01,web,0
2012-02-01T00:00:00Z,8,python,DE,2004-07-01 2022-07-01,web,0
2012-03-01T00:00:00Z,8,python,DE,2004-07-01 2022-07-01,web,0
2012-04-01T00:00:00Z,8,python,DE,2004-07-01 2022-07-01,web,0
2012-05-01T00:00:00Z,8,python,DE,2004-07-01 2022-07-01,web,0
2012-06-01T00:00:00Z,8,python,DE,2004-07-01 2022-07-01,web,0
2012-07-01T00:00:00Z,8,python,DE,2004-07-01 2022-07-01,web,0
2012-08-01T00:00:00Z,8,python,DE,2004-07-01 2022-07-01,web,0
2012-09-01T00:00:00Z,8,python,DE,2004-07-01 2022-07-01,web,0
2012-10-01T00:00:00Z,7,python,DE,2004-07-01 2022-07-01,web,0
2012-11-01T00:00:00Z,9,python,DE,2004-07-01 2022-07-01,web,0
2012-12-01T00:00:00Z,7,python,DE,2004-07-01 2022-07-01,web,0
2013-01-01T00:00:00Z,8,python,DE,2004-07-01 2022-07-01,web,0
2013-02-01T00:00:00Z,8,python,DE,2004-07-01 2022-07-01,web,0
2013-03-01T00:00:00Z,8,python,DE,2004-07-01 2022-07-01,web,0
2013-04-01T00:00:00Z,8,python,DE,2004-07-01 2022-07-01,web,0
2013-05-01T00:00:00Z,8,python,DE,2004-07-01 2022-07-01,web,0
2013-06-01T00:00:00Z,8,python,DE,2004-07-01 2022-07-01,web,0
2013-07-01T00:00:00Z,8,python,DE,2004-07-01 2022-07-01,web,0
2013-08-01T00:00:00Z,8,python,DE,2004-07-01 2022-07-01,web,0
2013-09-01T00:00:00Z,8,python,DE,2004-07-01 2022-07-01,web,0
2013-10-01T00:00:00Z,9,python,DE,2004-07-01 2022-07-01,web,0
2013-11-01T00:00:00Z,10,python,DE,2004-07-01 2022-07-01,web,0
2013-12-01T00:00:00Z,8,python,DE,2004-07-01 2022-07-01,web,0
2014-01-01T00:00:00Z,9,python,DE,2004-07-01 2022-07-01,web,0
2014-02-01T00:00:00Z,9,python,DE,2004-07-01 2022-07-01,web,0
2014-03-01T00:00:00Z,8,python,DE,2004-07-01 2022-07-01,web,0
2014-04-01T00:00:00Z,9,python,DE,2004-07-01 2022-07-01,web,0
2014-05-01T00:00:00Z,9,python,DE,2004-07-01 2022-07-01,web,0
2014-06-01T00:00:00Z,9,python,DE,2004-07-01 2022-07-01,web,0
2014-07-01T00:00:00Z,11,python,DE,2004-07-01 2022-07-01,web,0
2014-08-01T00:00:00Z,8,python,DE,2004-07-01 2022-07-01,web,0
2014-09-01T00:00:00Z,8,python,DE,2004-07-01 2022-07-01,web,0
2014-10-01T00:00:00Z,9,python,DE,2004-07-01 2022-07-01,web,0
2014-11-01T00:00:00Z,11,python,DE,2004-07-01 2022-07-01,web,0
2014-12-01T00:00:00Z,9,python,DE,2004-07-01 2022-07-01,web,0
2015-01-01T00:00:00Z,9,python,DE,2004-07-01 2022-07-01,web,0
2015-02-01T00:00:00Z,10,python,DE,2004-07-01 2022-07-01,web,0
2015-03-01T00:00:00Z,9,python,DE,2004-07-01 2022-07-01,web,0
2015-04-01T00:00:00Z,10,python,DE,2004-07-01 2022-07-01,web,0
2015-05-01T00:00:00Z,11,python,DE,2004-07-01 2022-07-01,web,0
2015-06-01T00:00:00Z,11,python,DE,2004-07-01 2022-07-01,web,0
2015-07-01T00:00:00Z,10,python,DE,2004-07-01 2022-07-01,web,0
2015-08-01T00:00:00Z,9,python,DE,2004-07-01 2022-07-01,web,0
2015-09-01T00:00:00Z,10,python,DE,2004-07-01 2022-07-01,web,0
2015-10-01T00:00:00Z,11,python,DE,2004-07-01 2022-07-01,web,0
2015-11-01T00:00:00Z,13,python,DE,2004-07-01 2022-07-01,web,0
2015-12-01T00:00:00Z,11,python,DE,2004-07-01 2022-07-01,web,0
2016-01-01T00:00:00Z,13,python,DE,2004-07-01 2022-07-01,web,0
2016-02-01T00:00:00Z,13,python,DE,2004-07-01 2022-07-01,web,0
2016-03-01T00:00:00Z,14,python,DE,2004-07-01 2022-07-01,web,0
2016-04-01T00:00:00Z,15,python,DE,2004-07-01 2022-07-01,web,0
2016-05-01T00:00:00Z,15,python,DE,2004-07-01 2022-07-01,web,0
2016-06-01T00:00:00Z,15,python,DE,2004-07-01 2022-07-01,web,0
2016-07-01T00:00:00Z,14,python,DE,2004-07-01 2022-07-01,web,0
2016-08-01T00:00:00Z,14,python,DE,2004-07-01 2022-07-01,web,0
2016-09-01T00:00:00Z,14,python,DE,2004-07-01 2022-07-01,web,0
2016-10-01T00:00:00Z,15,python,DE,2004-07-01 2022-07-01,web,0
2016-11-01T00:00:00Z,18,python,DE,2004-07-01 2022-07-01,web,0
2016-12-01T00:00:00Z,15,python,DE,2004-07-01 2022-07-01,web,0
2017-01-01T00:00:00Z,16,python,DE,2004-07-01 2022-07-01,web,0
2017-02-01T00:00:00Z,17,python,DE,2004-07-01 2022-07-01,web,0
2017-03-01T00:00:00Z,18,python,DE,2004-07-01 2022-07-01,web,0
2017-04-01T00:00:00Z,17,python,DE,2004-07-01 2022-07-01,web,0
2017-05-01T00:00:00Z,18,python,DE,2004-07-01 2022-07-01,web,0
2017-06-01T00:00:00Z,18,python,DE,2004-07-01 2022-07-01,web,0
2017-07-01T00:00:00Z,18,python,DE,2004-07-01 2022-07-01,web,0
2017-08-01T00:00:00Z,17,python,DE,2004-07-01 2022-07-01,web,0
2017-09-01T00:00:00Z,17,python,DE,2004-07-01 2022-07-01,web,0
2017-10-01T00:00:00Z,18,python,DE,2004-07-01 2022-07-01,web,0
2017-11-01T00:00:00Z,21,python,DE,2004-07-01 2022-07-01,web,0
2017-12-01T00:00:00Z,17,python,DE,2004-07-01 2022-07-01,web,0
2018-01-01T00:00:00Z,19,python,DE,2004-07-01 2022-07-01,web,0
2018-02-01T00:00:00Z,18,python,DE,2004-07-01 2022-07-01,web,0
2018-03-01T00:00:00Z,19,python,DE,2004-07-01 2022-07-01,web,0
2018-04-01T00:00:00Z,19,python,DE,2004-07-01 2022-07-01,web,0
2018-05-01T00:00:00Z,20,python,DE,2004-07-01 2022-07-01,web,0
2018-06-01T00:00:00Z,19,python,DE,2004-07-01 2022-07-01,web,0
2018-07-01T00:00:00Z,20,python,DE,2004-07-01 2022-07-01,web,0
2018-08-01T00:00:00Z,19,python,DE,2004-07-01 2022-07-01,web,0
2018-09-01T00:00:00Z,19,python,DE,2004-07-01 2022-07-01,web,0
2018-10-01T00:00:00Z,20,python,DE,2004-07-01 2022-07-01,web,0
2018-11-01T00:00:00Z,22,python,DE,2004-07-01 2022-07-01,web,0
2018-12-01T00:00:00Z,17,python,DE,2004-07-01 2022-07-01,web,0
2019-01-01T00:00:00Z,20,python,DE,2004-07-01 2022-07-01,web,0
2019-02-01T00:00:00Z,22,python,DE,2004-07-01 2022-07-01,web,0
2019-03-01T00:00:00Z,21,python,DE,2004-07-01 2022-07-01,web,0
2019-04-01T00:00:00Z,22,python,DE,2004-07-01 2022-07-01,web,0
2019-05-01T00:00:00Z,22,python,DE,2004-07-01 2022-07-01,web,0
2019-06-01T00:00:00Z,21,python,DE,2004-07-01 2022-07-01,web,0
2019-07-01T00:00:00Z,23,python,DE,2004-07-01 2022-07-01,web,0
2019-08-01T00:00:00Z,21,python,DE,2004-07-01 2022-07-01,web,0
2019-09-01T00:00:00Z,22,python,DE,2004-07-01 2022-07-01,web,0
2019-10-01T00:00:00Z,24,python,DE,2004-07-01 2022-07-01,web,0
2019-11-01T00:00:00Z,24,python,DE,2004-07-01 2022-07-01,web,0
2019-12-01T00:00:00Z,22,python,DE,2004-07-01 2022-07-01,web,0
2020-01-01T00:00:00Z,24,python,DE,2004-07-01 2022-07-01,web,0
2020-02-01T00:00:00Z,23,python,DE,2004-07-01 2022-07-01,web,0
2020-03-01T00:00:00Z,22,python,DE,2004-07-01 2022-07-01,web,0
2020-04-01T00:00:00Z,24,python,DE,2004-07-01 2022-07-01,web,0
2020-05-01T00:00:00Z,23,python,DE,2004-07-01 2022-07-01,web,0
2020-06-01T00:00:00Z,23,python,DE,2004-07-01 2022-07-01,web,0
2020-07-01T00:00:00Z,23,python,DE,2004-07-01 2022-07-01,web,0
2020-08-01T00:00:00Z,21,python,DE,2004-07-01 2022-07-01,web,0
2020-09-01T00:00:00Z,22,python,DE,2004-07-01 2022-07-01,web,0
2020-10-01T00:00:00Z,20,python,DE,2004-07-01 2022-07-01,web,0
2020-11-01T00:00:00Z,21,python,DE,2004-07-01 2022-07-01,web,0
2020-12-01T00:00:00Z,20,python,DE,2004-07-01 2022-07-01,web,0
2021-01-01T00:00:00Z,19,python,DE,2004-07-01 2022-07-01,web,0
2021-02-01T00:00:00Z,20,python,DE,2004-07-01 2022-07-01,web,0
2021-03-01T00:00:00Z,21,python,DE,2004-07-01 2022-07-01,web,0
2021-04-01T00:00:00Z,21,python,DE,2004-07-01 2022-07-01,web,0
2021-05-01T00:00:00Z,20,python,DE,2004-07-01 2022-07-01,web,0
2021-06-01T00:00:00Z,20,python,DE,2004-07-01 2022-07-01,web,0
2021-07-01T00:00:00Z,19,python,DE,2004-07-01 2022-07-01,web,0
2021-08-01T00:00:00Z,18,python,DE,2004-07-01 2022-07-01,web,0
2021-09-01T00:00:00Z,20,python,DE,2004-07-01 2022-07-01,web,0
2021-10-01T00:00:00Z,22,python,DE,2004-07-01 2022-07-01,web,0
2021-11-01T00:00:00Z,26,python,DE,2004-07-01 2022-07-01,web,0
2021-12-01T00:00:00Z,24,python,DE,2004-07-01 2022-07-01,web,0
2022-01-01T00:00:00Z,30,python,DE,2004-07-01 2022-07-01,web,0
2022-02-01T00:00:00Z,32,python,DE,2004-07-01 2022-07-01,web,0
2022-03-01T00:00:00Z,33,python,DE,2004-07-01 2022-07-01,web,0
2022-04-01T00:00:00Z,32,python,DE,2004-07-01 2022-07-01,web,0
2022-05-01T00:00:00Z,32,python,DE,2004-07-01 2022-07-01,web,0
2022-06-01T00:00:00Z,28,python,DE,2004-07-01 2022-07-01,web,0
2022-07-01T00:00:00Z,27,python,DE,2004-07-01 2022-07-01,web,0
2004-07-01T00:00:00Z,6,matlab,DE,2004-07-01 2022-07-01,web,0
2004-08-01T00:00:00Z,4,matlab,DE,2004-07-01 2022-07-01,web,0
2004-09-01T00:00:00Z,5,matlab,DE,2004-07-01 2022-07-01,web,0
2004-10-01T00:00:00Z,6,matlab,DE,2004-07-01 2022-07-01,web,0
2004-11-01T00:00:00Z,7,matlab,DE,2004-07-01 2022-07-01,web,0
2004-12-01T00:00:00Z,5,matlab,DE,2004-07-01 2022-07-01,web,0
2005-01-01T00:00:00Z,5,matlab,DE,2004-07-01 2022-07-01,web,0
2005-02-01T00:00:00Z,5,matlab,DE,2004-07-01 2022-07-01,web,0
2005-03-01T00:00:00Z,5,matlab,DE,2004-07-01 2022-07-01,web,0
2005-04-01T00:00:00Z,6,matlab,DE,2004-07-01 2022-07-01,web,0
2005-05-01T00:00:00Z,6,matlab,DE,2004-07-01 2022-07-01,web,0
2005-06-01T00:00:00Z,5,matlab,DE,2004-07-01 2022-07-01,web,0
2005-07-01T00:00:00Z,5,matlab,DE,2004-07-01 2022-07-01,web,0
2005-08-01T00:00:00Z,4,matlab,DE,2004-07-01 2022-07-01,web,0
2005-09-01T00:00:00Z,4,matlab,DE,2004-07-01 2022-07-01,web,0
2005-10-01T00:00:00Z,5,matlab,DE,2004-07-01 2022-07-01,web,0
2005-11-01T00:00:00Z,7,matlab,DE,2004-07-01 2022-07-01,web,0
2005-12-01T00:00:00Z,5,matlab,DE,2004-07-01 2022-07-01,web,0
2006-01-01T00:00:00Z,4,matlab,DE,2004-07-01 2022-07-01,web,0
2006-02-01T00:00:00Z,4,matlab,DE,2004-07-01 2022-07-01,web,0
2006-03-01T00:00:00Z,5,matlab,DE,2004-07-01 2022-07-01,web,0
2006-04-01T00:00:00Z,5,matlab,DE,2004-07-01 2022-07-01,web,0
2006-05-01T00:00:00Z,6,matlab,DE,2004-07-01 2022-07-01,web,0
2006-06-01T00:00:00Z,5,matlab,DE,2004-07-01 2022-07-01,web,0
2006-07-01T00:00:00Z,5,matlab,DE,2004-07-01 2022-07-01,web,0
2006-08-01T00:00:00Z,4,matlab,DE,2004-07-01 2022-07-01,web,0
2006-09-01T00:00:00Z,4,matlab,DE,2004-07-01 2022-07-01,web,0
2006-10-01T00:00:00Z,5,matlab,DE,2004-07-01 2022-07-01,web,0
2006-11-01T00:00:00Z,6,matlab,DE,2004-07-01 2022-07-01,web,0
2006-12-01T00:00:00Z,4,matlab,DE,2004-07-01 2022-07-01,web,0
2007-01-01T00:00:00Z,4,matlab,DE,2004-07-01 2022-07-01,web,0
2007-02-01T00:00:00Z,4,matlab,DE,2004-07-01 2022-07-01,web,0
2007-03-01T00:00:00Z,4,matlab,DE,2004-07-01 2022-07-01,web,0
2007-04-01T00:00:00Z,5,matlab,DE,2004-07-01 2022-07-01,web,0
2007-05-01T00:00:00Z,5,matlab,DE,2004-07-01 2022-07-01,web,0
2007-06-01T00:00:00Z,5,matlab,DE,2004-07-01 2022-07-01,web,0
2007-07-01T00:00:00Z,4,matlab,DE,2004-07-01 2022-07-01,web,0
2007-08-01T00:00:00Z,4,matlab,DE,2004-07-01 2022-07-01,web,0
2007-09-01T00:00:00Z,3,matlab,DE,2004-07-01 2022-07-01,web,0
2007-10-01T00:00:00Z,5,matlab,DE,2004-07-01 2022-07-01,web,0
2007-11-01T00:00:00Z,6,matlab,DE,2004-07-01 2022-07-01,web,0
2007-12-01T00:00:00Z,5,matlab,DE,2004-07-01 2022-07-01,web,0
2008-01-01T00:00:00Z,4,matlab,DE,2004-07-01 2022-07-01,web,0
2008-02-01T00:00:00Z,4,matlab,DE,2004-07-01 2022-07-01,web,0
2008-03-01T00:00:00Z,4,matlab,DE,2004-07-01 2022-07-01,web,0
2008-04-01T00:00:00Z,6,matlab,DE,2004-07-01 2022-07-01,web,0
2008-05-01T00:00:00Z,6,matlab,DE,2004-07-01 2022-07-01,web,0
2008-06-01T00:00:00Z,5,matlab,DE,2004-07-01 2022-07-01,web,0
2008-07-01T00:00:00Z,5,matlab,DE,2004-07-01 2022-07-01,web,0
2008-08-01T00:00:00Z,4,matlab,DE,2004-07-01 2022-07-01,web,0
2008-09-01T00:00:00Z,4,matlab,DE,2004-07-01 2022-07-01,web,0
2008-10-01T00:00:00Z,6,matlab,DE,2004-07-01 2022-07-01,web,0
2008-11-01T00:00:00Z,6,matlab,DE,2004-07-01 2022-07-01,web,0
2008-12-01T00:00:00Z,5,matlab,DE,2004-07-01 2022-07-01,web,0
2009-01-01T00:00:00Z,5,matlab,DE,2004-07-01 2022-07-01,web,0
2009-02-01T00:00:00Z,4,matlab,DE,2004-07-01 2022-07-01,web,0
2009-03-01T00:00:00Z,5,matlab,DE,2004-07-01 2022-07-01,web,0
2009-04-01T00:00:00Z,6,matlab,DE,2004-07-01 2022-07-01,web,0
2009-05-01T00:00:00Z,7,matlab,DE,2004-07-01 2022-07-01,web,0
2009-06-01T00:00:00Z,6,matlab,DE,2004-07-01 2022-07-01,web,0
2009-07-01T00:00:00Z,6,matlab,DE,2004-07-01 2022-07-01,web,0
2009-08-01T00:00:00Z,5,matlab,DE,2004-07-01 2022-07-01,web,0
2009-09-01T00:00:00Z,5,matlab,DE,2004-07-01 2022-07-01,web,0
2009-10-01T00:00:00Z,6,matlab,DE,2004-07-01 2022-07-01,web,0
2009-11-01T00:00:00Z,7,matlab,DE,2004-07-01 2022-07-01,web,0
2009-12-01T00:00:00Z,5,matlab,DE,2004-07-01 2022-07-01,web,0
2010-01-01T00:00:00Z,6,matlab,DE,2004-07-01 2022-07-01,web,0
2010-02-01T00:00:00Z,6,matlab,DE,2004-07-01 2022-07-01,web,0
2010-03-01T00:00:00Z,6,matlab,DE,2004-07-01 2022-07-01,web,0
2010-04-01T00:00:00Z,7,matlab,DE,2004-07-01 2022-07-01,web,0
2010-05-01T00:00:00Z,7,matlab,DE,2004-07-01 2022-07-01,web,0
2010-06-01T00:00:00Z,8,matlab,DE,2004-07-01 2022-07-01,web,0
2010-07-01T00:00:00Z,6,matlab,DE,2004-07-01 2022-07-01,web,0
2010-08-01T00:00:00Z,6,matlab,DE,2004-07-01 2022-07-01,web,0
2010-09-01T00:00:00Z,6,matlab,DE,2004-07-01 2022-07-01,web,0
2010-10-01T00:00:00Z,7,matlab,DE,2004-07-01 2022-07-01,web,0
2010-11-01T00:00:00Z,9,matlab,DE,2004-07-01 2022-07-01,web,0
2010-12-01T00:00:00Z,6,matlab,DE,2004-07-01 2022-07-01,web,0
2011-01-01T00:00:00Z,6,matlab,DE,2004-07-01 2022-07-01,web,0
2011-02-01T00:00:00Z,6,matlab,DE,2004-07-01 2022-07-01,web,0
2011-03-01T00:00:00Z,6,matlab,DE,2004-07-01 2022-07-01,web,0
2011-04-01T00:00:00Z,7,matlab,DE,2004-07-01 2022-07-01,web,0
2011-05-01T00:00:00Z,8,matlab,DE,2004-07-01 2022-07-01,web,0
2011-06-01T00:00:00Z,7,matlab,DE,2004-07-01 2022-07-01,web,0
2011-07-01T00:00:00Z,7,matlab,DE,2004-07-01 2022-07-01,web,0
2011-08-01T00:00:00Z,6,matlab,DE,2004-07-01 2022-07-01,web,0
2011-09-01T00:00:00Z,6,matlab,DE,2004-07-01 2022-07-01,web,0
2011-10-01T00:00:00Z,7,matlab,DE,2004-07-01 2022-07-01,web,0
2011-11-01T00:00:00Z,9,matlab,DE,2004-07-01 2022-07-01,web,0
2011-12-01T00:00:00Z,6,matlab,DE,2004-07-01 2022-07-01,web,0
2012-01-01T00:00:00Z,6,matlab,DE,2004-07-01 2022-07-01,web,0
2012-02-01T00:00:00Z,6,matlab,DE,2004-07-01 2022-07-01,web,0
2012-03-01T00:00:00Z,7,matlab,DE,2004-07-01 2022-07-01,web,0
2012-04-01T00:00:00Z,7,matlab,DE,2004-07-01 2022-07-01,web,0
2012-05-01T00:00:00Z,8,matlab,DE,2004-07-01 2022-07-01,web,0
2012-06-01T00:00:00Z,8,matlab,DE,2004-07-01 2022-07-01,web,0
2012-07-01T00:00:00Z,7,matlab,DE,2004-07-01 2022-07-01,web,0
2012-08-01T00:00:00Z,6,matlab,DE,2004-07-01 2022-07-01,web,0
2012-09-01T00:00:00Z,6,matlab,DE,2004-07-01 2022-07-01,web,0
2012-10-01T00:00:00Z,7,matlab,DE,2004-07-01 2022-07-01,web,0
2012-11-01T00:00:00Z,8,matlab,DE,2004-07-01 2022-07-01,web,0
2012-12-01T00:00:00Z,6,matlab,DE,2004-07-01 2022-07-01,web,0
2013-01-01T00:00:00Z,7,matlab,DE,2004-07-01 2022-07-01,web,0
2013-02-01T00:00:00Z,7,matlab,DE,2004-07-01 2022-07-01,web,0
2013-03-01T00:00:00Z,6,matlab,DE,2004-07-01 2022-07-01,web,0
2013-04-01T00:00:00Z,8,matlab,DE,2004-07-01 2022-07-01,web,0
2013-05-01T00:00:00Z,7,matlab,DE,2004-07-01 2022-07-01,web,0
2013-06-01T00:00:00Z,8,matlab,DE,2004-07-01 2022-07-01,web,0
2013-07-01T00:00:00Z,8,matlab,DE,2004-07-01 2022-07-01,web,0
2013-08-01T00:00:00Z,7,matlab,DE,2004-07-01 2022-07-01,web,0
2013-09-01T00:00:00Z,6,matlab,DE,2004-07-01 2022-07-01,web,0
2013-10-01T00:00:00Z,7,matlab,DE,2004-07-01 2022-07-01,web,0
2013-11-01T00:00:00Z,8,matlab,DE,2004-07-01 2022-07-01,web,0
2013-12-01T00:00:00Z,7,matlab,DE,2004-07-01 2022-07-01,web,0
2014-01-01T00:00:00Z,7,matlab,DE,2004-07-01 2022-07-01,web,0
2014-02-01T00:00:00Z,7,matlab,DE,2004-07-01 2022-07-01,web,0
2014-03-01T00:00:00Z,7,matlab,DE,2004-07-01 2022-07-01,web,0
2014-04-01T00:00:00Z,8,matlab,DE,2004-07-01 2022-07-01,web,0
2014-05-01T00:00:00Z,8,matlab,DE,2004-07-01 2022-07-01,web,0
2014-06-01T00:00:00Z,8,matlab,DE,2004-07-01 2022-07-01,web,0
2014-07-01T00:00:00Z,7,matlab,DE,2004-07-01 2022-07-01,web,0
2014-08-01T00:00:00Z,6,matlab,DE,2004-07-01 2022-07-01,web,0
2014-09-01T00:00:00Z,7,matlab,DE,2004-07-01 2022-07-01,web,0
2014-10-01T00:00:00Z,8,matlab,DE,2004-07-01 2022-07-01,web,0
2014-11-01T00:00:00Z,9,matlab,DE,2004-07-01 2022-07-01,web,0
2014-12-01T00:00:00Z,7,matlab,DE,2004-07-01 2022-07-01,web,0
2015-01-01T00:00:00Z,7,matlab,DE,2004-07-01 2022-07-01,web,0
2015-02-01T00:00:00Z,7,matlab,DE,2004-07-01 2022-07-01,web,0
2015-03-01T00:00:00Z,7,matlab,DE,2004-07-01 2022-07-01,web,0
2015-04-01T00:00:00Z,8,matlab,DE,2004-07-01 2022-07-01,web,0
2015-05-01T00:00:00Z,8,matlab,DE,2004-07-01 2022-07-01,web,0
2015-06-01T00:00:00Z,9,matlab,DE,2004-07-01 2022-07-01,web,0
2015-07-01T00:00:00Z,8,matlab,DE,2004-07-01 2022-07-01,web,0
2015-08-01T00:00:00Z,8,matlab,DE,2004-07-01 2022-07-01,web,0
2015-09-01T00:00:00Z,6,matlab,DE,2004-07-01 2022-07-01,web,0
2015-10-01T00:00:00Z,8,matlab,DE,2004-07-01 2022-07-01,web,0
2015-11-01T00:00:00Z,9,matlab,DE,2004-07-01 2022-07-01,web,0
2015-12-01T00:00:00Z,7,matlab,DE,2004-07-01 2022-07-01,web,0
2016-01-01T00:00:00Z,8,matlab,DE,2004-07-01 2022-07-01,web,0
2016-02-01T00:00:00Z,8,matlab,DE,2004-07-01 2022-07-01,web,0
2016-03-01T00:00:00Z,8,matlab,DE,2004-07-01 2022-07-01,web,0
2016-04-01T00:00:00Z,10,matlab,DE,2004-07-01 2022-07-01,web,0
2016-05-01T00:00:00Z,10,matlab,DE,2004-07-01 2022-07-01,web,0
2016-06-01T00:00:00Z,9,matlab,DE,2004-07-01 2022-07-01,web,0
2016-07-01T00:00:00Z,8,matlab,DE,2004-07-01 2022-07-01,web,0
2016-08-01T00:00:00Z,8,matlab,DE,2004-07-01 2022-07-01,web,0
2016-09-01T00:00:00Z,8,matlab,DE,2004-07-01 2022-07-01,web,0
2016-10-01T00:00:00Z,8,matlab,DE,2004-07-01 2022-07-01,web,0
2016-11-01T00:00:00Z,10,matlab,DE,2004-07-01 2022-07-01,web,0
2016-12-01T00:00:00Z,7,matlab,DE,2004-07-01 2022-07-01,web,0
2017-01-01T00:00:00Z,8,matlab,DE,2004-07-01 2022-07-01,web,0
2017-02-01T00:00:00Z,8,matlab,DE,2004-07-01 2022-07-01,web,0
2017-03-01T00:00:00Z,8,matlab,DE,2004-07-01 2022-07-01,web,0
2017-04-01T00:00:00Z,8,matlab,DE,2004-07-01 2022-07-01,web,0
2017-05-01T00:00:00Z,10,matlab,DE,2004-07-01 2022-07-01,web,0
2017-06-01T00:00:00Z,9,matlab,DE,2004-07-01 2022-07-01,web,0
2017-07-01T00:00:00Z,8,matlab,DE,2004-07-01 2022-07-01,web,0
2017-08-01T00:00:00Z,7,matlab,DE,2004-07-01 2022-07-01,web,0
2017-09-01T00:00:00Z,7,matlab,DE,2004-07-01 2022-07-01,web,0
2017-10-01T00:00:00Z,7,matlab,DE,2004-07-01 2022-07-01,web,0
2017-11-01T00:00:00Z,9,matlab,DE,2004-07-01 2022-07-01,web,0
2017-12-01T00:00:00Z,6,matlab,DE,2004-07-01 2022-07-01,web,0
2018-01-01T00:00:00Z,7,matlab,DE,2004-07-01 2022-07-01,web,0
2018-02-01T00:00:00Z,7,matlab,DE,2004-07-01 2022-07-01,web,0
2018-03-01T00:00:00Z,6,matlab,DE,2004-07-01 2022-07-01,web,0
2018-04-01T00:00:00Z,7,matlab,DE,2004-07-01 2022-07-01,web,0
2018-05-01T00:00:00Z,8,matlab,DE,2004-07-01 2022-07-01,web,0
2018-06-01T00:00:00Z,7,matlab,DE,2004-07-01 2022-07-01,web,0
2018-07-01T00:00:00Z,7,matlab,DE,2004-07-01 2022-07-01,web,0
2018-08-01T00:00:00Z,6,matlab,DE,2004-07-01 2022-07-01,web,0
2018-09-01T00:00:00Z,6,matlab,DE,2004-07-01 2022-07-01,web,0
2018-10-01T00:00:00Z,7,matlab,DE,2004-07-01 2022-07-01,web,0
2018-11-01T00:00:00Z,8,matlab,DE,2004-07-01 2022-07-01,web,0
2018-12-01T00:00:00Z,5,matlab,DE,2004-07-01 2022-07-01,web,0
2019-01-01T00:00:00Z,7,matlab,DE,2004-07-01 2022-07-01,web,0
2019-02-01T00:00:00Z,6,matlab,DE,2004-07-01 2022-07-01,web,0
2019-03-01T00:00:00Z,6,matlab,DE,2004-07-01 2022-07-01,web,0
2019-04-01T00:00:00Z,6,matlab,DE,2004-07-01 2022-07-01,web,0
2019-05-01T00:00:00Z,7,matlab,DE,2004-07-01 2022-07-01,web,0
2019-06-01T00:00:00Z,6,matlab,DE,2004-07-01 2022-07-01,web,0
2019-07-01T00:00:00Z,7,matlab,DE,2004-07-01 2022-07-01,web,0
2019-08-01T00:00:00Z,6,matlab,DE,2004-07-01 2022-07-01,web,0
2019-09-01T00:00:00Z,5,matlab,DE,2004-07-01 2022-07-01,web,0
2019-10-01T00:00:00Z,6,matlab,DE,2004-07-01 2022-07-01,web,0
2019-11-01T00:00:00Z,6,matlab,DE,2004-07-01 2022-07-01,web,0
2019-12-01T00:00:00Z,5,matlab,DE,2004-07-01 2022-07-01,web,0
2020-01-01T00:00:00Z,5,matlab,DE,2004-07-01 2022-07-01,web,0
2020-02-01T00:00:00Z,6,matlab,DE,2004-07-01 2022-07-01,web,0
2020-03-01T00:00:00Z,5,matlab,DE,2004-07-01 2022-07-01,web,0
2020-04-01T00:00:00Z,5,matlab,DE,2004-07-01 2022-07-01,web,0
2020-05-01T00:00:00Z,5,matlab,DE,2004-07-01 2022-07-01,web,0
2020-06-01T00:00:00Z,5,matlab,DE,2004-07-01 2022-07-01,web,0
2020-07-01T00:00:00Z,6,matlab,DE,2004-07-01 2022-07-01,web,0
2020-08-01T00:00:00Z,4,matlab,DE,2004-07-01 2022-07-01,web,0
2020-09-01T00:00:00Z,5,matlab,DE,2004-07-01 2022-07-01,web,0
2020-10-01T00:00:00Z,5,matlab,DE,2004-07-01 2022-07-01,web,0
2020-11-01T00:00:00Z,5,matlab,DE,2004-07-01 2022-07-01,web,0
2020-12-01T00:00:00Z,4,matlab,DE,2004-07-01 2022-07-01,web,0
2021-01-01T00:00:00Z,4,matlab,DE,2004-07-01 2022-07-01,web,0
2021-02-01T00:00:00Z,5,matlab,DE,2004-07-01 2022-07-01,web,0
2021-03-01T00:00:00Z,4,matlab,DE,2004-07-01 2022-07-01,web,0
2021-04-01T00:00:00Z,5,matlab,DE,2004-07-01 2022-07-01,web,0
2021-05-01T00:00:00Z,5,matlab,DE,2004-07-01 2022-07-01,web,0
2021-06-01T00:00:00Z,4,matlab,DE,2004-07-01 2022-07-01,web,0
2021-07-01T00:00:00Z,4,matlab,DE,2004-07-01 2022-07-01,web,0
2021-08-01T00:00:00Z,4,matlab,DE,2004-07-01 2022-07-01,web,0
2021-09-01T00:00:00Z,4,matlab,DE,2004-07-01 2022-07-01,web,0
2021-10-01T00:00:00Z,5,matlab,DE,2004-07-01 2022-07-01,web,0
2021-11-01T00:00:00Z,5,matlab,DE,2004-07-01 2022-07-01,web,0
2021-12-01T00:00:00Z,5,matlab,DE,2004-07-01 2022-07-01,web,0
2022-01-01T00:00:00Z,5,matlab,DE,2004-07-01 2022-07-01,web,0
2022-02-01T00:00:00Z,5,matlab,DE,2004-07-01 2022-07-01,web,0
2022-03-01T00:00:00Z,5,matlab,DE,2004-07-01 2022-07-01,web,0
2022-04-01T00:00:00Z,4,matlab,DE,2004-07-01 2022-07-01,web,0
2022-05-01T00:00:00Z,5,matlab,DE,2004-07-01 2022-07-01,web,0
2022-06-01T00:00:00Z,5,matlab,DE,2004-07-01 2022-07-01,web,0
2022-07-01T00:00:00Z,4,matlab,DE,2004-07-01 2022-07-01,web,0
2004-07-01T00:00:00Z,95,java,DE,2004-07-01 2022-07-01,web,0
2004-08-01T00:00:00Z,93,java,DE,2004-07-01 2022-07-01,web,0
2004-09-01T00:00:00Z,92,java,DE,2004-07-01 2022-07-01,web,0
2004-10-01T00:00:00Z,100,java,DE,2004-07-01 2022-07-01,web,0
2004-11-01T00:00:00Z,98,java,DE,2004-07-01 2022-07-01,web,0
2004-12-01T00:00:00Z,90,java,DE,2004-07-01 2022-07-01,web,0
2005-01-01T00:00:00Z,93,java,DE,2004-07-01 2022-07-01,web,0
2005-02-01T00:00:00Z,94,java,DE,2004-07-01 2022-07-01,web,0
2005-03-01T00:00:00Z,85,java,DE,2004-07-01 2022-07-01,web,0
2005-04-01T00:00:00Z,94,java,DE,2004-07-01 2022-07-01,web,0
2005-05-01T00:00:00Z,85,java,DE,2004-07-01 2022-07-01,web,0
2005-06-01T00:00:00Z,87,java,DE,2004-07-01 2022-07-01,web,0
2005-07-01T00:00:00Z,82,java,DE,2004-07-01 2022-07-01,web,0
2005-08-01T00:00:00Z,75,java,DE,2004-07-01 2022-07-01,web,0
2005-09-01T00:00:00Z,76,java,DE,2004-07-01 2022-07-01,web,0
2005-10-01T00:00:00Z,83,java,DE,2004-07-01 2022-07-01,web,0
2005-11-01T00:00:00Z,87,java,DE,2004-07-01 2022-07-01,web,0
2005-12-01T00:00:00Z,80,java,DE,2004-07-01 2022-07-01,web,0
2006-01-01T00:00:00Z,86,java,DE,2004-07-01 2022-07-01,web,0
2006-02-01T00:00:00Z,79,java,DE,2004-07-01 2022-07-01,web,0
2006-03-01T00:00:00Z,79,java,DE,2004-07-01 2022-07-01,web,0
2006-04-01T00:00:00Z,74,java,DE,2004-07-01 2022-07-01,web,0
2006-05-01T00:00:00Z,79,java,DE,2004-07-01 2022-07-01,web,0
2006-06-01T00:00:00Z,75,java,DE,2004-07-01 2022-07-01,web,0
2006-07-01T00:00:00Z,65,java,DE,2004-07-01 2022-07-01,web,0
2006-08-01T00:00:00Z,65,java,DE,2004-07-01 2022-07-01,web,0
2006-09-01T00:00:00Z,65,java,DE,2004-07-01 2022-07-01,web,0
2006-10-01T00:00:00Z,72,java,DE,2004-07-01 2022-07-01,web,0
2006-11-01T00:00:00Z,85,java,DE,2004-07-01 2022-07-01,web,0
2006-12-01T00:00:00Z,76,java,DE,2004-07-01 2022-07-01,web,0
2007-01-01T00:00:00Z,70,java,DE,2004-07-01 2022-07-01,web,0
2007-02-01T00:00:00Z,72,java,DE,2004-07-01 2022-07-01,web,0
2007-03-01T00:00:00Z,68,java,DE,2004-07-01 2022-07-01,web,0
2007-04-01T00:00:00Z,74,java,DE,2004-07-01 2022-07-01,web,0
2007-05-01T00:00:00Z,73,java,DE,2004-07-01 2022-07-01,web,0
2007-06-01T00:00:00Z,69,java,DE,2004-07-01 2022-07-01,web,0
2007-07-01T00:00:00Z,69,java,DE,2004-07-01 2022-07-01,web,0
2007-08-01T00:00:00Z,61,java,DE,2004-07-01 2022-07-01,web,0
2007-09-01T00:00:00Z,62,java,DE,2004-07-01 2022-07-01,web,0
2007-10-01T00:00:00Z,68,java,DE,2004-07-01 2022-07-01,web,0
2007-11-01T00:00:00Z,70,java,DE,2004-07-01 2022-07-01,web,0
2007-12-01T00:00:00Z,60,java,DE,2004-07-01 2022-07-01,web,0
2008-01-01T00:00:00Z,61,java,DE,2004-07-01 2022-07-01,web,0
2008-02-01T00:00:00Z,57,java,DE,2004-07-01 2022-07-01,web,0
2008-03-01T00:00:00Z,55,java,DE,2004-07-01 2022-07-01,web,0
2008-04-01T00:00:00Z,59,java,DE,2004-07-01 2022-07-01,web,0
2008-05-01T00:00:00Z,57,java,DE,2004-07-01 2022-07-01,web,0
2008-06-01T00:00:00Z,60,java,DE,2004-07-01 2022-07-01,web,0
2008-07-01T00:00:00Z,56,java,DE,2004-07-01 2022-07-01,web,0
2008-08-01T00:00:00Z,50,java,DE,2004-07-01 2022-07-01,web,0
2008-09-01T00:00:00Z,54,java,DE,2004-07-01 2022-07-01,web,0
2008-10-01T00:00:00Z,55,java,DE,2004-07-01 2022-07-01,web,0
2008-11-01T00:00:00Z,60,java,DE,2004-07-01 2022-07-01,web,0
2008-12-01T00:00:00Z,56,java,DE,2004-07-01 2022-07-01,web,0
2009-01-01T00:00:00Z,58,java,DE,2004-07-01 2022-07-01,web,0
2009-02-01T00:00:00Z,54,java,DE,2004-07-01 2022-07-01,web,0
2009-03-01T00:00:00Z,53,java,DE,2004-07-01 2022-07-01,web,0
2009-04-01T00:00:00Z,52,java,DE,2004-07-01 2022-07-01,web,0
2009-05-01T00:00:00Z,54,java,DE,2004-07-01 2022-07-01,web,0
2009-06-01T00:00:00Z,53,java,DE,2004-07-01 2022-07-01,web,0
2009-07-01T00:00:00Z,50,java,DE,2004-07-01 2022-07-01,web,0
2009-08-01T00:00:00Z,47,java,DE,2004-07-01 2022-07-01,web,0
2009-09-01T00:00:00Z,49,java,DE,2004-07-01 2022-07-01,web,0
2009-10-01T00:00:00Z,53,java,DE,2004-07-01 2022-07-01,web,0
2009-11-01T00:00:00Z,55,java,DE,2004-07-01 2022-07-01,web,0
2009-12-01T00:00:00Z,51,java,DE,2004-07-01 2022-07-01,web,0
2010-01-01T00:00:00Z,50,java,DE,2004-07-01 2022-07-01,web,0
2010-02-01T00:00:00Z,50,java,DE,2004-07-01 2022-07-01,web,0
2010-03-01T00:00:00Z,50,java,DE,2004-07-01 2022-07-01,web,0
2010-04-01T00:00:00Z,52,java,DE,2004-07-01 2022-07-01,web,0
2010-05-01T00:00:00Z,48,java,DE,2004-07-01 2022-07-01,web,0
2010-06-01T00:00:00Z,48,java,DE,2004-07-01 2022-07-01,web,0
2010-07-01T00:00:00Z,44,java,DE,2004-07-01 2022-07-01,web,0
2010-08-01T00:00:00Z,45,java,DE,2004-07-01 2022-07-01,web,0
2010-09-01T00:00:00Z,46,java,DE,2004-07-01 2022-07-01,web,0
2010-10-01T00:00:00Z,48,java,DE,2004-07-01 2022-07-01,web,0
2010-11-01T00:00:00Z,57,java,DE,2004-07-01 2022-07-01,web,0
2010-12-01T00:00:00Z,45,java,DE,2004-07-01 2022-07-01,web,0
2011-01-01T00:00:00Z,47,java,DE,2004-07-01 2022-07-01,web,0
2011-02-01T00:00:00Z,46,java,DE,2004-07-01 2022-07-01,web,0
2011-03-01T00:00:00Z,45,java,DE,2004-07-01 2022-07-01,web,0
2011-04-01T00:00:00Z,46,java,DE,2004-07-01 2022-07-01,web,0
2011-05-01T00:00:00Z,47,java,DE,2004-07-01 2022-07-01,web,0
2011-06-01T00:00:00Z,46,java,DE,2004-07-01 2022-07-01,web,0
2011-07-01T00:00:00Z,47,java,DE,2004-07-01 2022-07-01,web,0
2011-08-01T00:00:00Z,44,java,DE,2004-07-01 2022-07-01,web,0
2011-09-01T00:00:00Z,48,java,DE,2004-07-01 2022-07-01,web,0
2011-10-01T00:00:00Z,50,java,DE,2004-07-01 2022-07-01,web,0
2011-11-01T00:00:00Z,53,java,DE,2004-07-01 2022-07-01,web,0
2011-12-01T00:00:00Z,49,java,DE,2004-07-01 2022-07-01,web,0
2012-01-01T00:00:00Z,49,java,DE,2004-07-01 2022-07-01,web,0
2012-02-01T00:00:00Z,47,java,DE,2004-07-01 2022-07-01,web,0
2012-03-01T00:00:00Z,48,java,DE,2004-07-01 2022-07-01,web,0
2012-04-01T00:00:00Z,50,java,DE,2004-07-01 2022-07-01,web,0
2012-05-01T00:00:00Z,47,java,DE,2004-07-01 2022-07-01,web,0
2012-06-01T00:00:00Z,46,java,DE,2004-07-01 2022-07-01,web,0
2012-07-01T00:00:00Z,45,java,DE,2004-07-01 2022-07-01,web,0
2012-08-01T00:00:00Z,48,java,DE,2004-07-01 2022-07-01,web,0
2012-09-01T00:00:00Z,52,java,DE,2004-07-01 2022-07-01,web,0
2012-10-01T00:00:00Z,49,java,DE,2004-07-01 2022-07-01,web,0
2012-11-01T00:00:00Z,51,java,DE,2004-07-01 2022-07-01,web,0
2012-12-01T00:00:00Z,45,java,DE,2004-07-01 2022-07-01,web,0
2013-01-01T00:00:00Z,55,java,DE,2004-07-01 2022-07-01,web,0
2013-02-01T00:00:00Z,54,java,DE,2004-07-01 2022-07-01,web,0
2013-03-01T00:00:00Z,49,java,DE,2004-07-01 2022-07-01,web,0
2013-04-01T00:00:00Z,51,java,DE,2004-07-01 2022-07-01,web,0
2013-05-01T00:00:00Z,45,java,DE,2004-07-01 2022-07-01,web,0
2013-06-01T00:00:00Z,50,java,DE,2004-07-01 2022-07-01,web,0
2013-07-01T00:00:00Z,43,java,DE,2004-07-01 2022-07-01,web,0
2013-08-01T00:00:00Z,39,java,DE,2004-07-01 2022-07-01,web,0
2013-09-01T00:00:00Z,39,java,DE,2004-07-01 2022-07-01,web,0
2013-10-01T00:00:00Z,46,java,DE,2004-07-01 2022-07-01,web,0
2013-11-01T00:00:00Z,46,java,DE,2004-07-01 2022-07-01,web,0
2013-12-01T00:00:00Z,40,java,DE,2004-07-01 2022-07-01,web,0
2014-01-01T00:00:00Z,46,java,DE,2004-07-01 2022-07-01,web,0
2014-02-01T00:00:00Z,47,java,DE,2004-07-01 2022-07-01,web,0
2014-03-01T00:00:00Z,40,java,DE,2004-07-01 2022-07-01,web,0
2014-04-01T00:00:00Z,50,java,DE,2004-07-01 2022-07-01,web,0
2014-05-01T00:00:00Z,44,java,DE,2004-07-01 2022-07-01,web,0
2014-06-01T00:00:00Z,39,java,DE,2004-07-01 2022-07-01,web,0
2014-07-01T00:00:00Z,37,java,DE,2004-07-01 2022-07-01,web,0
2014-08-01T00:00:00Z,37,java,DE,2004-07-01 2022-07-01,web,0
2014-09-01T00:00:00Z,36,java,DE,2004-07-01 2022-07-01,web,0
2014-10-01T00:00:00Z,42,java,DE,2004-07-01 2022-07-01,web,0
2014-11-01T00:00:00Z,44,java,DE,2004-07-01 2022-07-01,web,0
2014-12-01T00:00:00Z,37,java,DE,2004-07-01 2022-07-01,web,0
2015-01-01T00:00:00Z,38,java,DE,2004-07-01 2022-07-01,web,0
2015-02-01T00:00:00Z,38,java,DE,2004-07-01 2022-07-01,web,0
2015-03-01T00:00:00Z,36,java,DE,2004-07-01 2022-07-01,web,0
2015-04-01T00:00:00Z,37,java,DE,2004-07-01 2022-07-01,web,0
2015-05-01T00:00:00Z,35,java,DE,2004-07-01 2022-07-01,web,0
2015-06-01T00:00:00Z,34,java,DE,2004-07-01 2022-07-01,web,0
2015-07-01T00:00:00Z,34,java,DE,2004-07-01 2022-07-01,web,0
2015-08-01T00:00:00Z,30,java,DE,2004-07-01 2022-07-01,web,0
2015-09-01T00:00:00Z,32,java,DE,2004-07-01 2022-07-01,web,0
2015-10-01T00:00:00Z,34,java,DE,2004-07-01 2022-07-01,web,0
2015-11-01T00:00:00Z,37,java,DE,2004-07-01 2022-07-01,web,0
2015-12-01T00:00:00Z,32,java,DE,2004-07-01 2022-07-01,web,0
2016-01-01T00:00:00Z,31,java,DE,2004-07-01 2022-07-01,web,0
2016-02-01T00:00:00Z,31,java,DE,2004-07-01 2022-07-01,web,0
2016-03-01T00:00:00Z,31,java,DE,2004-07-01 2022-07-01,web,0
2016-04-01T00:00:00Z,33,java,DE,2004-07-01 2022-07-01,web,0
2016-05-01T00:00:00Z,31,java,DE,2004-07-01 2022-07-01,web,0
2016-06-01T00:00:00Z,32,java,DE,2004-07-01 2022-07-01,web,0
2016-07-01T00:00:00Z,26,java,DE,2004-07-01 2022-07-01,web,0
2016-08-01T00:00:00Z,25,java,DE,2004-07-01 2022-07-01,web,0
2016-09-01T00:00:00Z,27,java,DE,2004-07-01 2022-07-01,web,0
2016-10-01T00:00:00Z,28,java,DE,2004-07-01 2022-07-01,web,0
2016-11-01T00:00:00Z,33,java,DE,2004-07-01 2022-07-01,web,0
2016-12-01T00:00:00Z,27,java,DE,2004-07-01 2022-07-01,web,0
2017-01-01T00:00:00Z,30,java,DE,2004-07-01 2022-07-01,web,0
2017-02-01T00:00:00Z,28,java,DE,2004-07-01 2022-07-01,web,0
2017-03-01T00:00:00Z,30,java,DE,2004-07-01 2022-07-01,web,0
2017-04-01T00:00:00Z,26,java,DE,2004-07-01 2022-07-01,web,0
2017-05-01T00:00:00Z,29,java,DE,2004-07-01 2022-07-01,web,0
2017-06-01T00:00:00Z,26,java,DE,2004-07-01 2022-07-01,web,0
2017-07-01T00:00:00Z,23,java,DE,2004-07-01 2022-07-01,web,0
2017-08-01T00:00:00Z,23,java,DE,2004-07-01 2022-07-01,web,0
2017-09-01T00:00:00Z,23,java,DE,2004-07-01 2022-07-01,web,0
2017-10-01T00:00:00Z,25,java,DE,2004-07-01 2022-07-01,web,0
2017-11-01T00:00:00Z,30,java,DE,2004-07-01 2022-07-01,web,0
2017-12-01T00:00:00Z,25,java,DE,2004-07-01 2022-07-01,web,0
2018-01-01T00:00:00Z,26,java,DE,2004-07-01 2022-07-01,web,0
2018-02-01T00:00:00Z,24,java,DE,2004-07-01 2022-07-01,web,0
2018-03-01T00:00:00Z,23,java,DE,2004-07-01 2022-07-01,web,0
2018-04-01T00:00:00Z,23,java,DE,2004-07-01 2022-07-01,web,0
2018-05-01T00:00:00Z,23,java,DE,2004-07-01 2022-07-01,web,0
2018-06-01T00:00:00Z,22,java,DE,2004-07-01 2022-07-01,web,0
2018-07-01T00:00:00Z,21,java,DE,2004-07-01 2022-07-01,web,0
2018-08-01T00:00:00Z,19,java,DE,2004-07-01 2022-07-01,web,0
2018-09-01T00:00:00Z,19,java,DE,2004-07-01 2022-07-01,web,0
2018-10-01T00:00:00Z,23,java,DE,2004-07-01 2022-07-01,web,0
2018-11-01T00:00:00Z,25,java,DE,2004-07-01 2022-07-01,web,0
2018-12-01T00:00:00Z,20,java,DE,2004-07-01 2022-07-01,web,0
2019-01-01T00:00:00Z,21,java,DE,2004-07-01 2022-07-01,web,0
2019-02-01T00:00:00Z,21,java,DE,2004-07-01 2022-07-01,web,0
2019-03-01T00:00:00Z,20,java,DE,2004-07-01 2022-07-01,web,0
2019-04-01T00:00:00Z,20,java,DE,2004-07-01 2022-07-01,web,0
2019-05-01T00:00:00Z,19,java,DE,2004-07-01 2022-07-01,web,0
2019-06-01T00:00:00Z,19,java,DE,2004-07-01 2022-07-01,web,0
2019-07-01T00:00:00Z,19,java,DE,2004-07-01 2022-07-01,web,0
2019-08-01T00:00:00Z,17,java,DE,2004-07-01 2022-07-01,web,0
2019-09-01T00:00:00Z,18,java,DE,2004-07-01 2022-07-01,web,0
2019-10-01T00:00:00Z,21,java,DE,2004-07-01 2022-07-01,web,0
2019-11-01T00:00:00Z,21,java,DE,2004-07-01 2022-07-01,web,0
2019-12-01T00:00:00Z,17,java,DE,2004-07-01 2022-07-01,web,0
2020-01-01T00:00:00Z,20,java,DE,2004-07-01 2022-07-01,web,0
2020-02-01T00:00:00Z,18,java,DE,2004-07-01 2022-07-01,web,0
2020-03-01T00:00:00Z,16,java,DE,2004-07-01 2022-07-01,web,0
2020-04-01T00:00:00Z,17,java,DE,2004-07-01 2022-07-01,web,0
2020-05-01T00:00:00Z,17,java,DE,2004-07-01 2022-07-01,web,0
2020-06-01T00:00:00Z,16,java,DE,2004-07-01 2022-07-01,web,0
2020-07-01T00:00:00Z,16,java,DE,2004-07-01 2022-07-01,web,0
2020-08-01T00:00:00Z,15,java,DE,2004-07-01 2022-07-01,web,0
2020-09-01T00:00:00Z,16,java,DE,2004-07-01 2022-07-01,web,0
2020-10-01T00:00:00Z,15,java,DE,2004-07-01 2022-07-01,web,0
2020-11-01T00:00:00Z,16,java,DE,2004-07-01 2022-07-01,web,0
2020-12-01T00:00:00Z,14,java,DE,2004-07-01 2022-07-01,web,0
2021-01-01T00:00:00Z,14,java,DE,2004-07-01 2022-07-01,web,0
2021-02-01T00:00:00Z,15,java,DE,2004-07-01 2022-07-01,web,0
2021-03-01T00:00:00Z,14,java,DE,2004-07-01 2022-07-01,web,0
2021-04-01T00:00:00Z,14,java,DE,2004-07-01 2022-07-01,web,0
2021-05-01T00:00:00Z,14,java,DE,2004-07-01 2022-07-01,web,0
2021-06-01T00:00:00Z,13,java,DE,2004-07-01 2022-07-01,web,0
2021-07-01T00:00:00Z,12,java,DE,2004-07-01 2022-07-01,web,0
2021-08-01T00:00:00Z,12,java,DE,2004-07-01 2022-07-01,web,0
2021-09-01T00:00:00Z,13,java,DE,2004-07-01 2022-07-01,web,0
2021-10-01T00:00:00Z,15,java,DE,2004-07-01 2022-07-01,web,0
2021-11-01T00:00:00Z,17,java,DE,2004-07-01 2022-07-01,web,0
2021-12-01T00:00:00Z,18,java,DE,2004-07-01 2022-07-01,web,0
2022-01-01T00:00:00Z,19,java,DE,2004-07-01 2022-07-01,web,0
2022-02-01T00:00:00Z,18,java,DE,2004-07-01 2022-07-01,web,0
2022-03-01T00:00:00Z,18,java,DE,2004-07-01 2022-07-01,web,0
2022-04-01T00:00:00Z,18,java,DE,2004-07-01 2022-07-01,web,0
2022-05-01T00:00:00Z,18,java,DE,2004-07-01 2022-07-01,web,0
2022-06-01T00:00:00Z,17,java,DE,2004-07-01 2022-07-01,web,0
2022-07-01T00:00:00Z,14,java,DE,2004-07-01 2022-07-01,web,0
2004-07-01T00:00:00Z,74,php,DE,2004-07-01 2022-07-01,web,0
2004-08-01T00:00:00Z,71,php,DE,2004-07-01 2022-07-01,web,0
2004-09-01T00:00:00Z,66,php,DE,2004-07-01 2022-07-01,web,0
2004-10-01T00:00:00Z,71,php,DE,2004-07-01 2022-07-01,web,0
2004-11-01T00:00:00Z,64,php,DE,2004-07-01 2022-07-01,web,0
2004-12-01T00:00:00Z,59,php,DE,2004-07-01 2022-07-01,web,0
2005-01-01T00:00:00Z,65,php,DE,2004-07-01 2022-07-01,web,0
2005-02-01T00:00:00Z,66,php,DE,2004-07-01 2022-07-01,web,0
2005-03-01T00:00:00Z,64,php,DE,2004-07-01 2022-07-01,web,0
2005-04-01T00:00:00Z,65,php,DE,2004-07-01 2022-07-01,web,0
2005-05-01T00:00:00Z,62,php,DE,2004-07-01 2022-07-01,web,0
2005-06-01T00:00:00Z,57,php,DE,2004-07-01 2022-07-01,web,0
2005-07-01T00:00:00Z,56,php,DE,2004-07-01 2022-07-01,web,0
2005-08-01T00:00:00Z,58,php,DE,2004-07-01 2022-07-01,web,0
2005-09-01T00:00:00Z,55,php,DE,2004-07-01 2022-07-01,web,0
2005-10-01T00:00:00Z,55,php,DE,2004-07-01 2022-07-01,web,0
2005-11-01T00:00:00Z,57,php,DE,2004-07-01 2022-07-01,web,0
2005-12-01T00:00:00Z,53,php,DE,2004-07-01 2022-07-01,web,0
2006-01-01T00:00:00Z,50,php,DE,2004-07-01 2022-07-01,web,0
2006-02-01T00:00:00Z,53,php,DE,2004-07-01 2022-07-01,web,0
2006-03-01T00:00:00Z,50,php,DE,2004-07-01 2022-07-01,web,0
2006-04-01T00:00:00Z,48,php,DE,2004-07-01 2022-07-01,web,0
2006-05-01T00:00:00Z,47,php,DE,2004-07-01 2022-07-01,web,0
2006-06-01T00:00:00Z,45,php,DE,2004-07-01 2022-07-01,web,0
2006-07-01T00:00:00Z,44,php,DE,2004-07-01 2022-07-01,web,0
2006-08-01T00:00:00Z,52,php,DE,2004-07-01 2022-07-01,web,0
2006-09-01T00:00:00Z,46,php,DE,2004-07-01 2022-07-01,web,0
2006-10-01T00:00:00Z,44,php,DE,2004-07-01 2022-07-01,web,0
2006-11-01T00:00:00Z,43,php,DE,2004-07-01 2022-07-01,web,0
2006-12-01T00:00:00Z,39,php,DE,2004-07-01 2022-07-01,web,0
2007-01-01T00:00:00Z,38,php,DE,2004-07-01 2022-07-01,web,0
2007-02-01T00:00:00Z,40,php,DE,2004-07-01 2022-07-01,web,0
2007-03-01T00:00:00Z,44,php,DE,2004-07-01 2022-07-01,web,0
2007-04-01T00:00:00Z,40,php,DE,2004-07-01 2022-07-01,web,0
2007-05-01T00:00:00Z,40,php,DE,2004-07-01 2022-07-01,web,0
2007-06-01T00:00:00Z,41,php,DE,2004-07-01 2022-07-01,web,0
2007-07-01T00:00:00Z,44,php,DE,2004-07-01 2022-07-01,web,0
2007-08-01T00:00:00Z,40,php,DE,2004-07-01 2022-07-01,web,0
2007-09-01T00:00:00Z,37,php,DE,2004-07-01 2022-07-01,web,0
2007-10-01T00:00:00Z,36,php,DE,2004-07-01 2022-07-01,web,0
2007-11-01T00:00:00Z,37,php,DE,2004-07-01 2022-07-01,web,0
2007-12-01T00:00:00Z,31,php,DE,2004-07-01 2022-07-01,web,0
2008-01-01T00:00:00Z,36,php,DE,2004-07-01 2022-07-01,web,0
2008-02-01T00:00:00Z,33,php,DE,2004-07-01 2022-07-01,web,0
2008-03-01T00:00:00Z,35,php,DE,2004-07-01 2022-07-01,web,0
2008-04-01T00:00:00Z,33,php,DE,2004-07-01 2022-07-01,web,0
2008-05-01T00:00:00Z,31,php,DE,2004-07-01 2022-07-01,web,0
2008-06-01T00:00:00Z,30,php,DE,2004-07-01 2022-07-01,web,0
2008-07-01T00:00:00Z,30,php,DE,2004-07-01 2022-07-01,web,0
2008-08-01T00:00:00Z,31,php,DE,2004-07-01 2022-07-01,web,0
2008-09-01T00:00:00Z,28,php,DE,2004-07-01 2022-07-01,web,0
2008-10-01T00:00:00Z,30,php,DE,2004-07-01 2022-07-01,web,0
2008-11-01T00:00:00Z,28,php,DE,2004-07-01 2022-07-01,web,0
2008-12-01T00:00:00Z,24,php,DE,2004-07-01 2022-07-01,web,0
2009-01-01T00:00:00Z,27,php,DE,2004-07-01 2022-07-01,web,0
2009-02-01T00:00:00Z,30,php,DE,2004-07-01 2022-07-01,web,0
2009-03-01T00:00:00Z,30,php,DE,2004-07-01 2022-07-01,web,0
2009-04-01T00:00:00Z,26,php,DE,2004-07-01 2022-07-01,web,0
2009-05-01T00:00:00Z,28,php,DE,2004-07-01 2022-07-01,web,0
2009-06-01T00:00:00Z,26,php,DE,2004-07-01 2022-07-01,web,0
2009-07-01T00:00:00Z,27,php,DE,2004-07-01 2022-07-01,web,0
2009-08-01T00:00:00Z,25,php,DE,2004-07-01 2022-07-01,web,0
2009-09-01T00:00:00Z,27,php,DE,2004-07-01 2022-07-01,web,0
2009-10-01T00:00:00Z,27,php,DE,2004-07-01 2022-07-01,web,0
2009-11-01T00:00:00Z,23,php,DE,2004-07-01 2022-07-01,web,0
2009-12-01T00:00:00Z,22,php,DE,2004-07-01 2022-07-01,web,0
2010-01-01T00:00:00Z,25,php,DE,2004-07-01 2022-07-01,web,0
2010-02-01T00:00:00Z,27,php,DE,2004-07-01 2022-07-01,web,0
2010-03-01T00:00:00Z,27,php,DE,2004-07-01 2022-07-01,web,0
2010-04-01T00:00:00Z,26,php,DE,2004-07-01 2022-07-01,web,0
2010-05-01T00:00:00Z,25,php,DE,2004-07-01 2022-07-01,web,0
2010-06-01T00:00:00Z,23,php,DE,2004-07-01 2022-07-01,web,0
2010-07-01T00:00:00Z,21,php,DE,2004-07-01 2022-07-01,web,0
2010-08-01T00:00:00Z,23,php,DE,2004-07-01 2022-07-01,web,0
2010-09-01T00:00:00Z,23,php,DE,2004-07-01 2022-07-01,web,0
2010-10-01T00:00:00Z,24,php,DE,2004-07-01 2022-07-01,web,0
2010-11-01T00:00:00Z,23,php,DE,2004-07-01 2022-07-01,web,0
2010-12-01T00:00:00Z,19,php,DE,2004-07-01 2022-07-01,web,0
2011-01-01T00:00:00Z,23,php,DE,2004-07-01 2022-07-01,web,0
2011-02-01T00:00:00Z,24,php,DE,2004-07-01 2022-07-01,web,0
2011-03-01T00:00:00Z,22,php,DE,2004-07-01 2022-07-01,web,0
2011-04-01T00:00:00Z,23,php,DE,2004-07-01 2022-07-01,web,0
2011-05-01T00:00:00Z,22,php,DE,2004-07-01 2022-07-01,web,0
2011-06-01T00:00:00Z,21,php,DE,2004-07-01 2022-07-01,web,0
2011-07-01T00:00:00Z,22,php,DE,2004-07-01 2022-07-01,web,0
2011-08-01T00:00:00Z,21,php,DE,2004-07-01 2022-07-01,web,0
2011-09-01T00:00:00Z,22,php,DE,2004-07-01 2022-07-01,web,0
2011-10-01T00:00:00Z,20,php,DE,2004-07-01 2022-07-01,web,0
2011-11-01T00:00:00Z,21,php,DE,2004-07-01 2022-07-01,web,0
2011-12-01T00:00:00Z,19,php,DE,2004-07-01 2022-07-01,web,0
2012-01-01T00:00:00Z,20,php,DE,2004-07-01 2022-07-01,web,0
2012-02-01T00:00:00Z,22,php,DE,2004-07-01 2022-07-01,web,0
2012-03-01T00:00:00Z,23,php,DE,2004-07-01 2022-07-01,web,0
2012-04-01T00:00:00Z,20,php,DE,2004-07-01 2022-07-01,web,0
2012-05-01T00:00:00Z,19,php,DE,2004-07-01 2022-07-01,web,0
2012-06-01T00:00:00Z,20,php,DE,2004-07-01 2022-07-01,web,0
2012-07-01T00:00:00Z,19,php,DE,2004-07-01 2022-07-01,web,0
2012-08-01T00:00:00Z,19,php,DE,2004-07-01 2022-07-01,web,0
2012-09-01T00:00:00Z,18,php,DE,2004-07-01 2022-07-01,web,0
2012-10-01T00:00:00Z,18,php,DE,2004-07-01 2022-07-01,web,0
2012-11-01T00:00:00Z,19,php,DE,2004-07-01 2022-07-01,web,0
2012-12-01T00:00:00Z,16,php,DE,2004-07-01 2022-07-01,web,0
2013-01-01T00:00:00Z,18,php,DE,2004-07-01 2022-07-01,web,0
2013-02-01T00:00:00Z,18,php,DE,2004-07-01 2022-07-01,web,0
2013-03-01T00:00:00Z,19,php,DE,2004-07-01 2022-07-01,web,0
2013-04-01T00:00:00Z,18,php,DE,2004-07-01 2022-07-01,web,0
2013-05-01T00:00:00Z,17,php,DE,2004-07-01 2022-07-01,web,0
2013-06-01T00:00:00Z,17,php,DE,2004-07-01 2022-07-01,web,0
2013-07-01T00:00:00Z,17,php,DE,2004-07-01 2022-07-01,web,0
2013-08-01T00:00:00Z,16,php,DE,2004-07-01 2022-07-01,web,0
2013-09-01T00:00:00Z,16,php,DE,2004-07-01 2022-07-01,web,0
2013-10-01T00:00:00Z,17,php,DE,2004-07-01 2022-07-01,web,0
2013-11-01T00:00:00Z,17,php,DE,2004-07-01 2022-07-01,web,0
2013-12-01T00:00:00Z,15,php,DE,2004-07-01 2022-07-01,web,0
2014-01-01T00:00:00Z,17,php,DE,2004-07-01 2022-07-01,web,0
2014-02-01T00:00:00Z,17,php,DE,2004-07-01 2022-07-01,web,0
2014-03-01T00:00:00Z,17,php,DE,2004-07-01 2022-07-01,web,0
2014-04-01T00:00:00Z,17,php,DE,2004-07-01 2022-07-01,web,0
2014-05-01T00:00:00Z,15,php,DE,2004-07-01 2022-07-01,web,0
2014-06-01T00:00:00Z,15,php,DE,2004-07-01 2022-07-01,web,0
2014-07-01T00:00:00Z,14,php,DE,2004-07-01 2022-07-01,web,0
2014-08-01T00:00:00Z,15,php,DE,2004-07-01 2022-07-01,web,0
2014-09-01T00:00:00Z,15,php,DE,2004-07-01 2022-07-01,web,0
2014-10-01T00:00:00Z,15,php,DE,2004-07-01 2022-07-01,web,0
2014-11-01T00:00:00Z,14,php,DE,2004-07-01 2022-07-01,web,0
2014-12-01T00:00:00Z,14,php,DE,2004-07-01 2022-07-01,web,0
2015-01-01T00:00:00Z,14,php,DE,2004-07-01 2022-07-01,web,0
2015-02-01T00:00:00Z,16,php,DE,2004-07-01 2022-07-01,web,0
2015-03-01T00:00:00Z,14,php,DE,2004-07-01 2022-07-01,web,0
2015-04-01T00:00:00Z,15,php,DE,2004-07-01 2022-07-01,web,0
2015-05-01T00:00:00Z,13,php,DE,2004-07-01 2022-07-01,web,0
2015-06-01T00:00:00Z,15,php,DE,2004-07-01 2022-07-01,web,0
2015-07-01T00:00:00Z,14,php,DE,2004-07-01 2022-07-01,web,0
2015-08-01T00:00:00Z,13,php,DE,2004-07-01 2022-07-01,web,0
2015-09-01T00:00:00Z,14,php,DE,2004-07-01 2022-07-01,web,0
2015-10-01T00:00:00Z,14,php,DE,2004-07-01 2022-07-01,web,0
2015-11-01T00:00:00Z,13,php,DE,2004-07-01 2022-07-01,web,0
2015-12-01T00:00:00Z,13,php,DE,2004-07-01 2022-07-01,web,0
2016-01-01T00:00:00Z,14,php,DE,2004-07-01 2022-07-01,web,0
2016-02-01T00:00:00Z,16,php,DE,2004-07-01 2022-07-01,web,0
2016-03-01T00:00:00Z,15,php,DE,2004-07-01 2022-07-01,web,0
2016-04-01T00:00:00Z,15,php,DE,2004-07-01 2022-07-01,web,0
2016-05-01T00:00:00Z,14,php,DE,2004-07-01 2022-07-01,web,0
2016-06-01T00:00:00Z,14,php,DE,2004-07-01 2022-07-01,web,0
2016-07-01T00:00:00Z,12,php,DE,2004-07-01 2022-07-01,web,0
2016-08-01T00:00:00Z,13,php,DE,2004-07-01 2022-07-01,web,0
2016-09-01T00:00:00Z,14,php,DE,2004-07-01 2022-07-01,web,0
2016-10-01T00:00:00Z,14,php,DE,2004-07-01 2022-07-01,web,0
2016-11-01T00:00:00Z,14,php,DE,2004-07-01 2022-07-01,web,0
2016-12-01T00:00:00Z,12,php,DE,2004-07-01 2022-07-01,web,0
2017-01-01T00:00:00Z,14,php,DE,2004-07-01 2022-07-01,web,0
2017-02-01T00:00:00Z,15,php,DE,2004-07-01 2022-07-01,web,0
2017-03-01T00:00:00Z,14,php,DE,2004-07-01 2022-07-01,web,0
2017-04-01T00:00:00Z,12,php,DE,2004-07-01 2022-07-01,web,0
2017-05-01T00:00:00Z,13,php,DE,2004-07-01 2022-07-01,web,0
2017-06-01T00:00:00Z,12,php,DE,2004-07-01 2022-07-01,web,0
2017-07-01T00:00:00Z,11,php,DE,2004-07-01 2022-07-01,web,0
2017-08-01T00:00:00Z,11,php,DE,2004-07-01 2022-07-01,web,0
2017-09-01T00:00:00Z,12,php,DE,2004-07-01 2022-07-01,web,0
2017-10-01T00:00:00Z,10,php,DE,2004-07-01 2022-07-01,web,0
2017-11-01T00:00:00Z,12,php,DE,2004-07-01 2022-07-01,web,0
2017-12-01T00:00:00Z,9,php,DE,2004-07-01 2022-07-01,web,0
2018-01-01T00:00:00Z,11,php,DE,2004-07-01 2022-07-01,web,0
2018-02-01T00:00:00Z,11,php,DE,2004-07-01 2022-07-01,web,0
2018-03-01T00:00:00Z,11,php,DE,2004-07-01 2022-07-01,web,0
2018-04-01T00:00:00Z,10,php,DE,2004-07-01 2022-07-01,web,0
2018-05-01T00:00:00Z,10,php,DE,2004-07-01 2022-07-01,web,0
2018-06-01T00:00:00Z,9,php,DE,2004-07-01 2022-07-01,web,0
2018-07-01T00:00:00Z,9,php,DE,2004-07-01 2022-07-01,web,0
2018-08-01T00:00:00Z,9,php,DE,2004-07-01 2022-07-01,web,0
2018-09-01T00:00:00Z,10,php,DE,2004-07-01 2022-07-01,web,0
2018-10-01T00:00:00Z,10,php,DE,2004-07-01 2022-07-01,web,0
2018-11-01T00:00:00Z,10,php,DE,2004-07-01 2022-07-01,web,0
2018-12-01T00:00:00Z,8,php,DE,2004-07-01 2022-07-01,web,0
2019-01-01T00:00:00Z,11,php,DE,2004-07-01 2022-07-01,web,0
2019-02-01T00:00:00Z,10,php,DE,2004-07-01 2022-07-01,web,0
2019-03-01T00:00:00Z,10,php,DE,2004-07-01 2022-07-01,web,0
2019-04-01T00:00:00Z,9,php,DE,2004-07-01 2022-07-01,web,0
2019-05-01T00:00:00Z,8,php,DE,2004-07-01 2022-07-01,web,0
2019-06-01T00:00:00Z,8,php,DE,2004-07-01 2022-07-01,web,0
2019-07-01T00:00:00Z,9,php,DE,2004-07-01 2022-07-01,web,0
2019-08-01T00:00:00Z,8,php,DE,2004-07-01 2022-07-01,web,0
2019-09-01T00:00:00Z,8,php,DE,2004-07-01 2022-07-01,web,0
2019-10-01T00:00:00Z,9,php,DE,2004-07-01 2022-07-01,web,0
2019-11-01T00:00:00Z,8,php,DE,2004-07-01 2022-07-01,web,0
2019-12-01T00:00:00Z,7,php,DE,2004-07-01 2022-07-01,web,0
2020-01-01T00:00:00Z,8,php,DE,2004-07-01 2022-07-01,web,0
2020-02-01T00:00:00Z,8,php,DE,2004-07-01 2022-07-01,web,0
2020-03-01T00:00:00Z,7,php,DE,2004-07-01 2022-07-01,web,0
2020-04-01T00:00:00Z,7,php,DE,2004-07-01 2022-07-01,web,0
2020-05-01T00:00:00Z,7,php,DE,2004-07-01 2022-07-01,web,0
2020-06-01T00:00:00Z,7,php,DE,2004-07-01 2022-07-01,web,0
2020-07-01T00:00:00Z,7,php,DE,2004-07-01 2022-07-01,web,0
2020-08-01T00:00:00Z,6,php,DE,2004-07-01 2022-07-01,web,0
2020-09-01T00:00:00Z,7,php,DE,2004-07-01 2022-07-01,web,0
2020-10-01T00:00:00Z,6,php,DE,2004-07-01 2022-07-01,web,0
2020-11-01T00:00:00Z,5,php,DE,2004-07-01 2022-07-01,web,0
2020-12-01T00:00:00Z,5,php,DE,2004-07-01 2022-07-01,web,0
2021-01-01T00:00:00Z,5,php,DE,2004-07-01 2022-07-01,web,0
2021-02-01T00:00:00Z,6,php,DE,2004-07-01 2022-07-01,web,0
2021-03-01T00:00:00Z,5,php,DE,2004-07-01 2022-07-01,web,0
2021-04-01T00:00:00Z,5,php,DE,2004-07-01 2022-07-01,web,0
2021-05-01T00:00:00Z,5,php,DE,2004-07-01 2022-07-01,web,0
2021-06-01T00:00:00Z,5,php,DE,2004-07-01 2022-07-01,web,0
2021-07-01T00:00:00Z,5,php,DE,2004-07-01 2022-07-01,web,0
2021-08-01T00:00:00Z,5,php,DE,2004-07-01 2022-07-01,web,0
2021-09-01T00:00:00Z,5,php,DE,2004-07-01 2022-07-01,web,0
2021-10-01T00:00:00Z,5,php,DE,2004-07-01 2022-07-01,web,0
2021-11-01T00:00:00Z,5,php,DE,2004-07-01 2022-07-01,web,0
2021-12-01T00:00:00Z,5,php,DE,2004-07-01 2022-07-01,web,0
2022-01-01T00:00:00Z,7,php,DE,2004-07-01 2022-07-01,web,0
2022-02-01T00:00:00Z,7,php,DE,2004-07-01 2022-07-01,web,0
2022-03-01T00:00:00Z,8,php,DE,2004-07-01 2022-07-01,web,0
2022-04-01T00:00:00Z,7,php,DE,2004-07-01 2022-07-01,web,0
2022-05-01T00:00:00Z,7,php,DE,2004-07-01 2022-07-01,web,0
2022-06-01T00:00:00Z,6,php,DE,2004-07-01 2022-07-01,web,0
2022-07-01T00:00:00Z,5,php,DE,2004-07-01 2022-07-01,web,0
2004-07-01T00:00:00Z,23,javascript,DE,2004-07-01 2022-07-01,web,0
2004-08-01T00:00:00Z,22,javascript,DE,2004-07-01 2022-07-01,web,0
2004-09-01T00:00:00Z,24,javascript,DE,2004-07-01 2022-07-01,web,0
2004-10-01T00:00:00Z,23,javascript,DE,2004-07-01 2022-07-01,web,0
2004-11-01T00:00:00Z,20,javascript,DE,2004-07-01 2022-07-01,web,0
2004-12-01T00:00:00Z,22,javascript,DE,2004-07-01 2022-07-01,web,0
2005-01-01T00:00:00Z,20,javascript,DE,2004-07-01 2022-07-01,web,0
2005-02-01T00:00:00Z,22,javascript,DE,2004-07-01 2022-07-01,web,0
2005-03-01T00:00:00Z,20,javascript,DE,2004-07-01 2022-07-01,web,0
2005-04-01T00:00:00Z,20,javascript,DE,2004-07-01 2022-07-01,web,0
2005-05-01T00:00:00Z,19,javascript,DE,2004-07-01 2022-07-01,web,0
2005-06-01T00:00:00Z,19,javascript,DE,2004-07-01 2022-07-01,web,0
2005-07-01T00:00:00Z,18,javascript,DE,2004-07-01 2022-07-01,web,0
2005-08-01T00:00:00Z,19,javascript,DE,2004-07-01 2022-07-01,web,0
2005-09-01T00:00:00Z,18,javascript,DE,2004-07-01 2022-07-01,web,0
2005-10-01T00:00:00Z,19,javascript,DE,2004-07-01 2022-07-01,web,0
2005-11-01T00:00:00Z,18,javascript,DE,2004-07-01 2022-07-01,web,0
2005-12-01T00:00:00Z,17,javascript,DE,2004-07-01 2022-07-01,web,0
2006-01-01T00:00:00Z,17,javascript,DE,2004-07-01 2022-07-01,web,0
2006-02-01T00:00:00Z,18,javascript,DE,2004-07-01 2022-07-01,web,0
2006-03-01T00:00:00Z,17,javascript,DE,2004-07-01 2022-07-01,web,0
2006-04-01T00:00:00Z,17,javascript,DE,2004-07-01 2022-07-01,web,0
2006-05-01T00:00:00Z,17,javascript,DE,2004-07-01 2022-07-01,web,0
2006-06-01T00:00:00Z,15,javascript,DE,2004-07-01 2022-07-01,web,0
2006-07-01T00:00:00Z,17,javascript,DE,2004-07-01 2022-07-01,web,0
2006-08-01T00:00:00Z,16,javascript,DE,2004-07-01 2022-07-01,web,0
2006-09-01T00:00:00Z,16,javascript,DE,2004-07-01 2022-07-01,web,0
2006-10-01T00:00:00Z,16,javascript,DE,2004-07-01 2022-07-01,web,0
2006-11-01T00:00:00Z,18,javascript,DE,2004-07-01 2022-07-01,web,0
2006-12-01T00:00:00Z,16,javascript,DE,2004-07-01 2022-07-01,web,0
2007-01-01T00:00:00Z,14,javascript,DE,2004-07-01 2022-07-01,web,0
2007-02-01T00:00:00Z,16,javascript,DE,2004-07-01 2022-07-01,web,0
2007-03-01T00:00:00Z,16,javascript,DE,2004-07-01 2022-07-01,web,0
2007-04-01T00:00:00Z,16,javascript,DE,2004-07-01 2022-07-01,web,0
2007-05-01T00:00:00Z,15,javascript,DE,2004-07-01 2022-07-01,web,0
2007-06-01T00:00:00Z,16,javascript,DE,2004-07-01 2022-07-01,web,0
2007-07-01T00:00:00Z,16,javascript,DE,2004-07-01 2022-07-01,web,0
2007-08-01T00:00:00Z,16,javascript,DE,2004-07-01 2022-07-01,web,0
2007-09-01T00:00:00Z,15,javascript,DE,2004-07-01 2022-07-01,web,0
2007-10-01T00:00:00Z,15,javascript,DE,2004-07-01 2022-07-01,web,0
2007-11-01T00:00:00Z,15,javascript,DE,2004-07-01 2022-07-01,web,0
2007-12-01T00:00:00Z,13,javascript,DE,2004-07-01 2022-07-01,web,0
2008-01-01T00:00:00Z,13,javascript,DE,2004-07-01 2022-07-01,web,0
2008-02-01T00:00:00Z,14,javascript,DE,2004-07-01 2022-07-01,web,0
2008-03-01T00:00:00Z,14,javascript,DE,2004-07-01 2022-07-01,web,0
2008-04-01T00:00:00Z,15,javascript,DE,2004-07-01 2022-07-01,web,0
2008-05-01T00:00:00Z,14,javascript,DE,2004-07-01 2022-07-01,web,0
2008-06-01T00:00:00Z,15,javascript,DE,2004-07-01 2022-07-01,web,0
2008-07-01T00:00:00Z,14,javascript,DE,2004-07-01 2022-07-01,web,0
2008-08-01T00:00:00Z,14,javascript,DE,2004-07-01 2022-07-01,web,0
2008-09-01T00:00:00Z,13,javascript,DE,2004-07-01 2022-07-01,web,0
2008-10-01T00:00:00Z,14,javascript,DE,2004-07-01 2022-07-01,web,0
2008-11-01T00:00:00Z,13,javascript,DE,2004-07-01 2022-07-01,web,0
2008-12-01T00:00:00Z,11,javascript,DE,2004-07-01 2022-07-01,web,0
2009-01-01T00:00:00Z,12,javascript,DE,2004-07-01 2022-07-01,web,0
2009-02-01T00:00:00Z,13,javascript,DE,2004-07-01 2022-07-01,web,0
2009-03-01T00:00:00Z,13,javascript,DE,2004-07-01 2022-07-01,web,0
2009-04-01T00:00:00Z,13,javascript,DE,2004-07-01 2022-07-01,web,0
2009-05-01T00:00:00Z,13,javascript,DE,2004-07-01 2022-07-01,web,0
2009-06-01T00:00:00Z,13,javascript,DE,2004-07-01 2022-07-01,web,0
2009-07-01T00:00:00Z,13,javascript,DE,2004-07-01 2022-07-01,web,0
2009-08-01T00:00:00Z,13,javascript,DE,2004-07-01 2022-07-01,web,0
2009-09-01T00:00:00Z,12,javascript,DE,2004-07-01 2022-07-01,web,0
2009-10-01T00:00:00Z,14,javascript,DE,2004-07-01 2022-07-01,web,0
2009-11-01T00:00:00Z,15,javascript,DE,2004-07-01 2022-07-01,web,0
2009-12-01T00:00:00Z,12,javascript,DE,2004-07-01 2022-07-01,web,0
2010-01-01T00:00:00Z,13,javascript,DE,2004-07-01 2022-07-01,web,0
2010-02-01T00:00:00Z,13,javascript,DE,2004-07-01 2022-07-01,web,0
2010-03-01T00:00:00Z,13,javascript,DE,2004-07-01 2022-07-01,web,0
2010-04-01T00:00:00Z,12,javascript,DE,2004-07-01 2022-07-01,web,0
2010-05-01T00:00:00Z,12,javascript,DE,2004-07-01 2022-07-01,web,0
2010-06-01T00:00:00Z,14,javascript,DE,2004-07-01 2022-07-01,web,0
2010-07-01T00:00:00Z,11,javascript,DE,2004-07-01 2022-07-01,web,0
2010-08-01T00:00:00Z,12,javascript,DE,2004-07-01 2022-07-01,web,0
2010-09-01T00:00:00Z,12,javascript,DE,2004-07-01 2022-07-01,web,0
2010-10-01T00:00:00Z,11,javascript,DE,2004-07-01 2022-07-01,web,0
2010-11-01T00:00:00Z,11,javascript,DE,2004-07-01 2022-07-01,web,0
2010-12-01T00:00:00Z,11,javascript,DE,2004-07-01 2022-07-01,web,0
2011-01-01T00:00:00Z,10,javascript,DE,2004-07-01 2022-07-01,web,0
2011-02-01T00:00:00Z,11,javascript,DE,2004-07-01 2022-07-01,web,0
2011-03-01T00:00:00Z,11,javascript,DE,2004-07-01 2022-07-01,web,0
2011-04-01T00:00:00Z,11,javascript,DE,2004-07-01 2022-07-01,web,0
2011-05-01T00:00:00Z,10,javascript,DE,2004-07-01 2022-07-01,web,0
2011-06-01T00:00:00Z,12,javascript,DE,2004-07-01 2022-07-01,web,0
2011-07-01T00:00:00Z,11,javascript,DE,2004-07-01 2022-07-01,web,0
2011-08-01T00:00:00Z,10,javascript,DE,2004-07-01 2022-07-01,web,0
2011-09-01T00:00:00Z,10,javascript,DE,2004-07-01 2022-07-01,web,0
2011-10-01T00:00:00Z,10,javascript,DE,2004-07-01 2022-07-01,web,0
2011-11-01T00:00:00Z,10,javascript,DE,2004-07-01 2022-07-01,web,0
2011-12-01T00:00:00Z,9,javascript,DE,2004-07-01 2022-07-01,web,0
2012-01-01T00:00:00Z,10,javascript,DE,2004-07-01 2022-07-01,web,0
2012-02-01T00:00:00Z,10,javascript,DE,2004-07-01 2022-07-01,web,0
2012-03-01T00:00:00Z,10,javascript,DE,2004-07-01 2022-07-01,web,0
2012-04-01T00:00:00Z,11,javascript,DE,2004-07-01 2022-07-01,web,0
2012-05-01T00:00:00Z,9,javascript,DE,2004-07-01 2022-07-01,web,0
2012-06-01T00:00:00Z,10,javascript,DE,2004-07-01 2022-07-01,web,0
2012-07-01T00:00:00Z,10,javascript,DE,2004-07-01 2022-07-01,web,0
2012-08-01T00:00:00Z,10,javascript,DE,2004-07-01 2022-07-01,web,0
2012-09-01T00:00:00Z,10,javascript,DE,2004-07-01 2022-07-01,web,0
2012-10-01T00:00:00Z,9,javascript,DE,2004-07-01 2022-07-01,web,0
2012-11-01T00:00:00Z,10,javascript,DE,2004-07-01 2022-07-01,web,0
2012-12-01T00:00:00Z,9,javascript,DE,2004-07-01 2022-07-01,web,0
2013-01-01T00:00:00Z,9,javascript,DE,2004-07-01 2022-07-01,web,0
2013-02-01T00:00:00Z,10,javascript,DE,2004-07-01 2022-07-01,web,0
2013-03-01T00:00:00Z,10,javascript,DE,2004-07-01 2022-07-01,web,0
2013-04-01T00:00:00Z,10,javascript,DE,2004-07-01 2022-07-01,web,0
2013-05-01T00:00:00Z,9,javascript,DE,2004-07-01 2022-07-01,web,0
2013-06-01T00:00:00Z,10,javascript,DE,2004-07-01 2022-07-01,web,0
2013-07-01T00:00:00Z,10,javascript,DE,2004-07-01 2022-07-01,web,0
2013-08-01T00:00:00Z,10,javascript,DE,2004-07-01 2022-07-01,web,0
2013-09-01T00:00:00Z,10,javascript,DE,2004-07-01 2022-07-01,web,0
2013-10-01T00:00:00Z,10,javascript,DE,2004-07-01 2022-07-01,web,0
2013-11-01T00:00:00Z,9,javascript,DE,2004-07-01 2022-07-01,web,0
2013-12-01T00:00:00Z,9,javascript,DE,2004-07-01 2022-07-01,web,0
2014-01-01T00:00:00Z,11,javascript,DE,2004-07-01 2022-07-01,web,0
2014-02-01T00:00:00Z,11,javascript,DE,2004-07-01 2022-07-01,web,0
2014-03-01T00:00:00Z,11,javascript,DE,2004-07-01 2022-07-01,web,0
2014-04-01T00:00:00Z,10,javascript,DE,2004-07-01 2022-07-01,web,0
2014-05-01T00:00:00Z,10,javascript,DE,2004-07-01 2022-07-01,web,0
2014-06-01T00:00:00Z,9,javascript,DE,2004-07-01 2022-07-01,web,0
2014-07-01T00:00:00Z,9,javascript,DE,2004-07-01 2022-07-01,web,0
2014-08-01T00:00:00Z,9,javascript,DE,2004-07-01 2022-07-01,web,0
2014-09-01T00:00:00Z,9,javascript,DE,2004-07-01 2022-07-01,web,0
2014-10-01T00:00:00Z,9,javascript,DE,2004-07-01 2022-07-01,web,0
2014-11-01T00:00:00Z,9,javascript,DE,2004-07-01 2022-07-01,web,0
2014-12-01T00:00:00Z,9,javascript,DE,2004-07-01 2022-07-01,web,0
2015-01-01T00:00:00Z,9,javascript,DE,2004-07-01 2022-07-01,web,0
2015-02-01T00:00:00Z,9,javascript,DE,2004-07-01 2022-07-01,web,0
2015-03-01T00:00:00Z,10,javascript,DE,2004-07-01 2022-07-01,web,0
2015-04-01T00:00:00Z,10,javascript,DE,2004-07-01 2022-07-01,web,0
2015-05-01T00:00:00Z,9,javascript,DE,2004-07-01 2022-07-01,web,0
2015-06-01T00:00:00Z,10,javascript,DE,2004-07-01 2022-07-01,web,0
2015-07-01T00:00:00Z,10,javascript,DE,2004-07-01 2022-07-01,web,0
2015-08-01T00:00:00Z,9,javascript,DE,2004-07-01 2022-07-01,web,0
2015-09-01T00:00:00Z,10,javascript,DE,2004-07-01 2022-07-01,web,0
2015-10-01T00:00:00Z,10,javascript,DE,2004-07-01 2022-07-01,web,0
2015-11-01T00:00:00Z,10,javascript,DE,2004-07-01 2022-07-01,web,0
2015-12-01T00:00:00Z,8,javascript,DE,2004-07-01 2022-07-01,web,0
2016-01-01T00:00:00Z,10,javascript,DE,2004-07-01 2022-07-01,web,0
2016-02-01T00:00:00Z,11,javascript,DE,2004-07-01 2022-07-01,web,0
2016-03-01T00:00:00Z,11,javascript,DE,2004-07-01 2022-07-01,web,0
2016-04-01T00:00:00Z,10,javascript,DE,2004-07-01 2022-07-01,web,0
2016-05-01T00:00:00Z,10,javascript,DE,2004-07-01 2022-07-01,web,0
2016-06-01T00:00:00Z,11,javascript,DE,2004-07-01 2022-07-01,web,0
2016-07-01T00:00:00Z,9,javascript,DE,2004-07-01 2022-07-01,web,0
2016-08-01T00:00:00Z,9,javascript,DE,2004-07-01 2022-07-01,web,0
2016-09-01T00:00:00Z,10,javascript,DE,2004-07-01 2022-07-01,web,0
2016-10-01T00:00:00Z,9,javascript,DE,2004-07-01 2022-07-01,web,0
2016-11-01T00:00:00Z,10,javascript,DE,2004-07-01 2022-07-01,web,0
2016-12-01T00:00:00Z,10,javascript,DE,2004-07-01 2022-07-01,web,0
2017-01-01T00:00:00Z,10,javascript,DE,2004-07-01 2022-07-01,web,0
2017-02-01T00:00:00Z,11,javascript,DE,2004-07-01 2022-07-01,web,0
2017-03-01T00:00:00Z,12,javascript,DE,2004-07-01 2022-07-01,web,0
2017-04-01T00:00:00Z,9,javascript,DE,2004-07-01 2022-07-01,web,0
2017-05-01T00:00:00Z,10,javascript,DE,2004-07-01 2022-07-01,web,0
2017-06-01T00:00:00Z,9,javascript,DE,2004-07-01 2022-07-01,web,0
2017-07-01T00:00:00Z,10,javascript,DE,2004-07-01 2022-07-01,web,0
2017-08-01T00:00:00Z,9,javascript,DE,2004-07-01 2022-07-01,web,0
2017-09-01T00:00:00Z,10,javascript,DE,2004-07-01 2022-07-01,web,0
2017-10-01T00:00:00Z,9,javascript,DE,2004-07-01 2022-07-01,web,0
2017-11-01T00:00:00Z,10,javascript,DE,2004-07-01 2022-07-01,web,0
2017-12-01T00:00:00Z,8,javascript,DE,2004-07-01 2022-07-01,web,0
2018-01-01T00:00:00Z,9,javascript,DE,2004-07-01 2022-07-01,web,0
2018-02-01T00:00:00Z,10,javascript,DE,2004-07-01 2022-07-01,web,0
2018-03-01T00:00:00Z,9,javascript,DE,2004-07-01 2022-07-01,web,0
2018-04-01T00:00:00Z,9,javascript,DE,2004-07-01 2022-07-01,web,0
2018-05-01T00:00:00Z,9,javascript,DE,2004-07-01 2022-07-01,web,0
2018-06-01T00:00:00Z,9,javascript,DE,2004-07-01 2022-07-01,web,0
2018-07-01T00:00:00Z,9,javascript,DE,2004-07-01 2022-07-01,web,0
2018-08-01T00:00:00Z,8,javascript,DE,2004-07-01 2022-07-01,web,0
2018-09-01T00:00:00Z,8,javascript,DE,2004-07-01 2022-07-01,web,0
2018-10-01T00:00:00Z,8,javascript,DE,2004-07-01 2022-07-01,web,0
2018-11-01T00:00:00Z,8,javascript,DE,2004-07-01 2022-07-01,web,0
2018-12-01T00:00:00Z,7,javascript,DE,2004-07-01 2022-07-01,web,0
2019-01-01T00:00:00Z,8,javascript,DE,2004-07-01 2022-07-01,web,0
2019-02-01T00:00:00Z,9,javascript,DE,2004-07-01 2022-07-01,web,0
2019-03-01T00:00:00Z,8,javascript,DE,2004-07-01 2022-07-01,web,0
2019-04-01T00:00:00Z,7,javascript,DE,2004-07-01 2022-07-01,web,0
2019-05-01T00:00:00Z,8,javascript,DE,2004-07-01 2022-07-01,web,0
2019-06-01T00:00:00Z,8,javascript,DE,2004-07-01 2022-07-01,web,0
2019-07-01T00:00:00Z,9,javascript,DE,2004-07-01 2022-07-01,web,0
2019-08-01T00:00:00Z,8,javascript,DE,2004-07-01 2022-07-01,web,0
2019-09-01T00:00:00Z,8,javascript,DE,2004-07-01 2022-07-01,web,0
2019-10-01T00:00:00Z,9,javascript,DE,2004-07-01 2022-07-01,web,0
2019-11-01T00:00:00Z,8,javascript,DE,2004-07-01 2022-07-01,web,0
2019-12-01T00:00:00Z,6,javascript,DE,2004-07-01 2022-07-01,web,0
2020-01-01T00:00:00Z,8,javascript,DE,2004-07-01 2022-07-01,web,0
2020-02-01T00:00:00Z,8,javascript,DE,2004-07-01 2022-07-01,web,0
2020-03-01T00:00:00Z,8,javascript,DE,2004-07-01 2022-07-01,web,0
2020-04-01T00:00:00Z,8,javascript,DE,2004-07-01 2022-07-01,web,0
2020-05-01T00:00:00Z,8,javascript,DE,2004-07-01 2022-07-01,web,0
2020-06-01T00:00:00Z,8,javascript,DE,2004-07-01 2022-07-01,web,0
2020-07-01T00:00:00Z,7,javascript,DE,2004-07-01 2022-07-01,web,0
2020-08-01T00:00:00Z,7,javascript,DE,2004-07-01 2022-07-01,web,0
2020-09-01T00:00:00Z,8,javascript,DE,2004-07-01 2022-07-01,web,0
2020-10-01T00:00:00Z,6,javascript,DE,2004-07-01 2022-07-01,web,0
2020-11-01T00:00:00Z,6,javascript,DE,2004-07-01 2022-07-01,web,0
2020-12-01T00:00:00Z,5,javascript,DE,2004-07-01 2022-07-01,web,0
2021-01-01T00:00:00Z,5,javascript,DE,2004-07-01 2022-07-01,web,0
2021-02-01T00:00:00Z,6,javascript,DE,2004-07-01 2022-07-01,web,0
2021-03-01T00:00:00Z,6,javascript,DE,2004-07-01 2022-07-01,web,0
2021-04-01T00:00:00Z,5,javascript,DE,2004-07-01 2022-07-01,web,0
2021-05-01T00:00:00Z,5,javascript,DE,2004-07-01 2022-07-01,web,0
2021-06-01T00:00:00Z,5,javascript,DE,2004-07-01 2022-07-01,web,0
2021-07-01T00:00:00Z,6,javascript,DE,2004-07-01 2022-07-01,web,0
2021-08-01T00:00:00Z,5,javascript,DE,2004-07-01 2022-07-01,web,0
2021-09-01T00:00:00Z,6,javascript,DE,2004-07-01 2022-07-01,web,0
2021-10-01T00:00:00Z,6,javascript,DE,2004-07-01 2022-07-01,web,0
2021-11-01T00:00:00Z,6,javascript,DE,2004-07-01 2022-07-01,web,0
2021-12-01T00:00:00Z,6,javascript,DE,2004-07-01 2022-07-01,web,0
2022-01-01T00:00:00Z,8,javascript,DE,2004-07-01 2022-07-01,web,0
2022-02-01T00:00:00Z,9,javascript,DE,2004-07-01 2022-07-01,web,0
2022-03-01T00:00:00Z,9,javascript,DE,2004-07-01 2022-07-01,web,0
2022-04-01T00:00:00Z,8,javascript,DE,2004-07-01 2022-07-01,web,0
2022-05-01T00:00:00Z,9,javascript,DE,2004-07-01 2022-07-01,web,0
2022-06-01T00:00:00Z,7,javascript,DE,2004-07-01 2022-07-01,web,0
2022-07-01T00:00:00Z,7,javascript,DE,2004-07-01 2022-07-01,web,0
